BEGIN;

-- Seed generato dal database locale corrente.
-- Include dati demo completi per test applicazione.
TRUNCATE TABLE
  loan_requests,
  user_books,
  book_authors,
  books,
  users,
  authors,
  publishers,
  genres
RESTART IDENTITY CASCADE;
INSERT INTO public.authors (id, name) VALUES (1, 'J. R. R. Tolkien');
INSERT INTO public.authors (id, name) VALUES (5, 'J. K. Rowling');
INSERT INTO public.authors (id, name) VALUES (8, 'George R. R. Martin');
INSERT INTO public.authors (id, name) VALUES (12, 'Gail Honeyman');
INSERT INTO public.authors (id, name) VALUES (13, 'Umberto Eco');
INSERT INTO public.authors (id, name) VALUES (14, 'Paula Hawkins');
INSERT INTO public.authors (id, name) VALUES (16, 'Autore Demo');
INSERT INTO public.authors (id, name) VALUES (18, 'Mondadori');
INSERT INTO public.authors (id, name) VALUES (21, 'Agostino Paravicini Bagliani');
INSERT INTO public.authors (id, name) VALUES (22, 'Luciana Navone Nosari');
INSERT INTO public.authors (id, name) VALUES (23, 'Licia Troisi');
INSERT INTO public.authors (id, name) VALUES (25, 'J.R.R. Tolkien');
INSERT INTO public.authors (id, name) VALUES (29, 'William Golding');
INSERT INTO public.authors (id, name) VALUES (30, 'Autore sconosciuto');
INSERT INTO public.authors (id, name) VALUES (31, 'TROISI Licia -');
INSERT INTO public.authors (id, name) VALUES (37, 'LICIA TROISI');
INSERT INTO public.authors (id, name) VALUES (39, 'Lauren Kate');
INSERT INTO public.authors (id, name) VALUES (46, 'Carlo Collodi');
INSERT INTO public.authors (id, name) VALUES (47, 'Stephen King');
INSERT INTO public.authors (id, name) VALUES (57, 'Gabriel García Márquez');
INSERT INTO public.authors (id, name) VALUES (58, 'Agatha Christie');
INSERT INTO public.authors (id, name) VALUES (60, 'Enzo Santarelli');
INSERT INTO public.authors (id, name) VALUES (61, 'Egidio Ceccato');
INSERT INTO public.authors (id, name) VALUES (62, 'Carlo Feltrinelli');
INSERT INTO public.authors (id, name) VALUES (63, 'Feltrinelli editore');
INSERT INTO public.authors (id, name) VALUES (64, 'Gianni Celati');
INSERT INTO public.authors (id, name) VALUES (65, 'Italo Calvino');
INSERT INTO public.authors (id, name) VALUES (66, 'Brian Greene');
INSERT INTO public.authors (id, name) VALUES (67, 'Carlo De');
INSERT INTO public.authors (id, name) VALUES (68, 'Giorgio Bompiani');
INSERT INTO public.authors (id, name) VALUES (69, 'F Fellini');
INSERT INTO public.authors (id, name) VALUES (70, 'E. Bompiani');
INSERT INTO public.authors (id, name) VALUES (71, 'Ginevra Bompiani');
INSERT INTO public.authors (id, name) VALUES (72, 'Garzanti');
INSERT INTO public.authors (id, name) VALUES (75, 'Pavese');
INSERT INTO public.authors (id, name) VALUES (76, 'Cesare.');
INSERT INTO public.authors (id, name) VALUES (77, 'Milan Kundera');
INSERT INTO public.authors (id, name) VALUES (78, 'Publius Terentius Afer');
INSERT INTO public.authors (id, name) VALUES (79, 'Nonnus of Panopolis');
INSERT INTO public.authors (id, name) VALUES (80, 'Leonardo Sciascia');
INSERT INTO public.authors (id, name) VALUES (82, 'Alfred Kubin');
INSERT INTO public.authors (id, name) VALUES (83, 'Oliver Sacks');
INSERT INTO public.authors (id, name) VALUES (84, 'Georges Simenon');
INSERT INTO public.authors (id, name) VALUES (85, 'Bram Stoker');
INSERT INTO public.authors (id, name) VALUES (86, 'Donna Tartt');
INSERT INTO public.authors (id, name) VALUES (87, 'Katia Benovich');
INSERT INTO public.authors (id, name) VALUES (88, 'Bill Burnett');
INSERT INTO public.authors (id, name) VALUES (89, 'Evans');
INSERT INTO public.authors (id, name) VALUES (90, 'Dave');
INSERT INTO public.authors (id, name) VALUES (91, 'Dave Evans');
INSERT INTO public.authors (id, name) VALUES (92, 'Armistead Maupin');
INSERT INTO public.authors (id, name) VALUES (93, 'Giacomo Leopardi');
INSERT INTO public.authors (id, name) VALUES (94, 'Oriana Fallaci');
INSERT INTO public.authors (id, name) VALUES (95, 'Giovanni Falcone');
INSERT INTO public.authors (id, name) VALUES (96, 'Fannie Flagg');
INSERT INTO public.authors (id, name) VALUES (97, 'Giorgio Galli');
INSERT INTO public.authors (id, name) VALUES (98, 'Vasco Pratolini');
INSERT INTO public.authors (id, name) VALUES (99, 'Hugh Howey');
INSERT INTO public.authors (id, name) VALUES (101, 'Bottai');
INSERT INTO public.authors (id, name) VALUES (102, 'Giuseppe');
INSERT INTO public.authors (id, name) VALUES (103, 'Richard Bach');
INSERT INTO public.authors (id, name) VALUES (104, 'Luca Clerici');
INSERT INTO public.authors (id, name) VALUES (105, 'Roberto Favaro');
INSERT INTO public.authors (id, name) VALUES (107, 'Carlo De Matteis');
INSERT INTO public.authors (id, name) VALUES (108, 'Luminița Beiu-Paladi');
INSERT INTO public.authors (id, name) VALUES (109, 'Lucius Apuleius');
INSERT INTO public.authors (id, name) VALUES (110, 'William Adlington');
INSERT INTO public.authors (id, name) VALUES (111, 'Lucio Apuleyo');
INSERT INTO public.authors (id, name) VALUES (112, 'Gino Tellini');
INSERT INTO public.authors (id, name) VALUES (113, 'Federico Bertoni');
INSERT INTO public.authors (id, name) VALUES (114, 'Daniele Giglioli');
INSERT INTO public.authors (id, name) VALUES (115, 'Alberto Asor Rosa');
INSERT INTO public.authors (id, name) VALUES (116, 'Antonella Anedda');
INSERT INTO public.authors (id, name) VALUES (117, 'Cristina Benussi Frandoli');
INSERT INTO public.authors (id, name) VALUES (118, 'Grazia Deledda');
INSERT INTO public.authors (id, name) VALUES (119, 'Qem Classic');
INSERT INTO public.authors (id, name) VALUES (120, 'A. Tuccillo');
INSERT INTO public.authors (id, name) VALUES (121, 'Martha King');
INSERT INTO public.authors (id, name) VALUES (122, 'Dolores Turchi');
INSERT INTO public.authors (id, name) VALUES (123, 'Guro Verlag');
INSERT INTO public.authors (id, name) VALUES (124, 'Giambattista Marchesi');
INSERT INTO public.authors (id, name) VALUES (125, 'Giovanni Boccaccio');
INSERT INTO public.authors (id, name) VALUES (126, 'Dante Alighieri');
INSERT INTO public.authors (id, name) VALUES (127, '川端康成');
INSERT INTO public.authors (id, name) VALUES (128, 'Torquato Tasso');
INSERT INTO public.authors (id, name) VALUES (129, 'Marzio Pieri');
INSERT INTO public.authors (id, name) VALUES (130, 'Alessandro Manzoni');
INSERT INTO public.authors (id, name) VALUES (132, 'Fabio Pierangeli');
INSERT INTO public.authors (id, name) VALUES (133, 'Giuseppe Amoroso');
INSERT INTO public.authors (id, name) VALUES (134, 'Giovanna De Angelis');
INSERT INTO public.authors (id, name) VALUES (135, 'Elisabetta Mondello');
INSERT INTO public.authors (id, name) VALUES (136, 'Lodovico Ariosto');
INSERT INTO public.authors (id, name) VALUES (137, 'Gian Mario Anselmi');
INSERT INTO public.authors (id, name) VALUES (138, 'Alfredo Cottignoli');
INSERT INTO public.authors (id, name) VALUES (139, 'Emilio Pasquini');
INSERT INTO public.authors (id, name) VALUES (140, 'William Shakespeare');
INSERT INTO public.authors (id, name) VALUES (141, 'Giorgio Bàrberi Squarotti');
INSERT INTO public.authors (id, name) VALUES (142, 'Francesco Fusi');
INSERT INTO public.authors (id, name) VALUES (143, 'Franco Fortini');
INSERT INTO public.authors (id, name) VALUES (144, 'Luís de Camões');
INSERT INTO public.authors (id, name) VALUES (145, 'Souza Botelho');
INSERT INTO public.authors (id, name) VALUES (146, 'Primo Levi');
INSERT INTO public.authors (id, name) VALUES (147, 'Anthony Burgess');
INSERT INTO public.authors (id, name) VALUES (149, 'Julio Cortázar');
INSERT INTO public.authors (id, name) VALUES (150, 'Marguerite Yourcenar');
INSERT INTO public.authors (id, name) VALUES (151, 'Henry James');
INSERT INTO public.authors (id, name) VALUES (152, 'Anne Frank');
INSERT INTO public.authors (id, name) VALUES (153, 'Pliny the Elder');
INSERT INTO public.authors (id, name) VALUES (154, 'Jules Verne');
INSERT INTO public.authors (id, name) VALUES (155, 'Alexandre Dumas');
INSERT INTO public.authors (id, name) VALUES (157, 'Edwin Abbott Abbott');
INSERT INTO public.authors (id, name) VALUES (158, 'Aristotle');
INSERT INTO public.genres (id, name) VALUES (1, 'Narrativa');
INSERT INTO public.genres (id, name) VALUES (2, 'Fantasy');
INSERT INTO public.genres (id, name) VALUES (3, 'Giallo');
INSERT INTO public.genres (id, name) VALUES (4, 'Saggio');
INSERT INTO public.genres (id, name) VALUES (5, 'Storico');
INSERT INTO public.genres (id, name) VALUES (9, 'Romanzo storico');
INSERT INTO public.genres (id, name) VALUES (10, 'Non classificato');
INSERT INTO public.genres (id, name) VALUES (31, 'Non categorizzato');
INSERT INTO public.genres (id, name) VALUES (45, 'Horror');
INSERT INTO public.publishers (id, name) VALUES (1, 'Bompiani');
INSERT INTO public.publishers (id, name) VALUES (5, 'Salani');
INSERT INTO public.publishers (id, name) VALUES (8, 'Mondadori');
INSERT INTO public.publishers (id, name) VALUES (12, 'Garzanti');
INSERT INTO public.publishers (id, name) VALUES (16, 'Editore Demo');
INSERT INTO public.publishers (id, name) VALUES (17, 'French and European Publications Inc');
INSERT INTO public.publishers (id, name) VALUES (34, 'Carocci editore');
INSERT INTO public.publishers (id, name) VALUES (35, 'Independently Published');
INSERT INTO public.publishers (id, name) VALUES (42, 'Rizzoli');
INSERT INTO public.publishers (id, name) VALUES (43, 'Generico');
INSERT INTO public.publishers (id, name) VALUES (45, 'Arnoldo Mondadori Editore');
INSERT INTO public.publishers (id, name) VALUES (49, 'Sconosciuto');
INSERT INTO public.publishers (id, name) VALUES (58, 'A. Mondadori');
INSERT INTO public.publishers (id, name) VALUES (59, 'Signet');
INSERT INTO public.publishers (id, name) VALUES (69, 'Random House Mondadori');
INSERT INTO public.publishers (id, name) VALUES (72, 'Feltrinelli');
INSERT INTO public.publishers (id, name) VALUES (73, 'Castelvecchi');
INSERT INTO public.publishers (id, name) VALUES (74, 'Deutscher Taschenbuch Verlag');
INSERT INTO public.publishers (id, name) VALUES (75, 'Giangiacomo Feltrinelli Editore');
INSERT INTO public.publishers (id, name) VALUES (77, 'Einaudi');
INSERT INTO public.publishers (id, name) VALUES (79, 'Fabbri - RCS Libri');
INSERT INTO public.publishers (id, name) VALUES (80, 'Lulu Press, Inc.');
INSERT INTO public.publishers (id, name) VALUES (82, 'Springer');
INSERT INTO public.publishers (id, name) VALUES (83, 'et al. edizioni');
INSERT INTO public.publishers (id, name) VALUES (84, 'Garzanti linguistica');
INSERT INTO public.publishers (id, name) VALUES (85, 'Garzanti Italian');
INSERT INTO public.publishers (id, name) VALUES (86, 'European Schoolbooks');
INSERT INTO public.publishers (id, name) VALUES (88, 'Adelphi');
INSERT INTO public.publishers (id, name) VALUES (89, 'Mursia');
INSERT INTO public.publishers (id, name) VALUES (96, 'Canterbury Classics');
INSERT INTO public.publishers (id, name) VALUES (97, 'BUR Biblioteca Univ. Rizzoli');
INSERT INTO public.publishers (id, name) VALUES (98, 'Rocco');
INSERT INTO public.publishers (id, name) VALUES (99, 'Bur Rizzoli');
INSERT INTO public.publishers (id, name) VALUES (100, 'Bur');
INSERT INTO public.publishers (id, name) VALUES (101, 'BUR');
INSERT INTO public.publishers (id, name) VALUES (102, 'BUR Rizzoli');
INSERT INTO public.publishers (id, name) VALUES (106, 'Best Bur');
INSERT INTO public.publishers (id, name) VALUES (109, 'BUR Biblioteca Univerzale Rizzoli');
INSERT INTO public.publishers (id, name) VALUES (110, 'Marsilio');
INSERT INTO public.publishers (id, name) VALUES (111, 'Ricordi');
INSERT INTO public.publishers (id, name) VALUES (113, 'Nuova Italia');
INSERT INTO public.publishers (id, name) VALUES (114, 'Almqvist & Wiksell International');
INSERT INTO public.publishers (id, name) VALUES (115, 'Folio Society');
INSERT INTO public.publishers (id, name) VALUES (116, 'B. Mondadori');
INSERT INTO public.publishers (id, name) VALUES (117, 'Pendragon');
INSERT INTO public.publishers (id, name) VALUES (118, 'G. Einaudi');
INSERT INTO public.publishers (id, name) VALUES (119, 'Fazi');
INSERT INTO public.publishers (id, name) VALUES (120, 'Pratiche');
INSERT INTO public.publishers (id, name) VALUES (122, 'Istituto Italiano d''Arti Grafiche');
INSERT INTO public.publishers (id, name) VALUES (123, 'Norton');
INSERT INTO public.publishers (id, name) VALUES (125, 'Kōdansha');
INSERT INTO public.publishers (id, name) VALUES (126, 'Brockhaus');
INSERT INTO public.publishers (id, name) VALUES (128, 'Hoepli');
INSERT INTO public.publishers (id, name) VALUES (129, 'Edizioni Studium');
INSERT INTO public.publishers (id, name) VALUES (132, 'Meltemi');
INSERT INTO public.publishers (id, name) VALUES (133, 'Unione Tipografico-Editrice Torinese');
INSERT INTO public.publishers (id, name) VALUES (134, 'B.Mondadori');
INSERT INTO public.publishers (id, name) VALUES (135, 'E. P. Dutton');
INSERT INTO public.publishers (id, name) VALUES (136, 'Edizioni RES');
INSERT INTO public.publishers (id, name) VALUES (137, 'Y. Press');
INSERT INTO public.publishers (id, name) VALUES (138, 'Bollati Boringhieri');
INSERT INTO public.publishers (id, name) VALUES (139, 'K. Paul, Trench & co.');
INSERT INTO public.publishers (id, name) VALUES (142, 'AGS Secondary');
INSERT INTO public.publishers (id, name) VALUES (143, 'La Repubblica');
INSERT INTO public.publishers (id, name) VALUES (144, 'Doubleday');
INSERT INTO public.publishers (id, name) VALUES (145, 'Information Age Publishing, Incorporated');
INSERT INTO public.publishers (id, name) VALUES (146, 'National Yiddish Book Center');
INSERT INTO public.publishers (id, name) VALUES (147, 'Ex officina Elzeuiriana');
INSERT INTO public.publishers (id, name) VALUES (149, 'Plutón Ediciones');
INSERT INTO public.publishers (id, name) VALUES (150, 'New American Library');
INSERT INTO public.publishers (id, name) VALUES (151, 'Xist Publishing');
INSERT INTO public.publishers (id, name) VALUES (152, 'Société d''Édition Les Belles Lettres');
INSERT INTO public.books (isbn, title, edition_year, genre_id, cover_price, pages, publisher_id, deleted_at, cover_url, view_count, description) VALUES ('9788842511748', 'Il Castello dei Carpazi Claudius Bombarnac', 1995, 2, 16999.96, 305, 89, NULL, '/uploads/covers/9788842511748.jpg', 3, NULL);
INSERT INTO public.books (isbn, title, edition_year, genre_id, cover_price, pages, publisher_id, deleted_at, cover_url, view_count, description) VALUES ('9788804579243', 'L''eredità di Thuban. La ragazza drago vol. 1', 2008, 31, 0.00, 1, 43, NULL, 'https://covers.openlibrary.org/b/id/10880557-M.jpg', 25, NULL);
INSERT INTO public.books (isbn, title, edition_year, genre_id, cover_price, pages, publisher_id, deleted_at, cover_url, view_count, description) VALUES ('9788560280940', 'It', 1986, 45, 0.00, 1, 59, NULL, 'https://covers.openlibrary.org/b/id/8569284-M.jpg', 176, NULL);
INSERT INTO public.books (isbn, title, edition_year, genre_id, cover_price, pages, publisher_id, deleted_at, cover_url, view_count, description) VALUES ('9780425018989', '雪国', 1937, 31, 0.00, 1, 125, '2026-02-16 23:51:32.986248+01', 'https://covers.openlibrary.org/b/id/421172-M.jpg', 0, NULL);
INSERT INTO public.books (isbn, title, edition_year, genre_id, cover_price, pages, publisher_id, deleted_at, cover_url, view_count, description) VALUES ('9780342956630', 'Godfrey of Bulloigne', 1581, 31, 0.00, 1, 126, '2026-02-16 23:51:34.093865+01', 'https://covers.openlibrary.org/b/id/5954727-M.jpg', 0, NULL);
INSERT INTO public.books (isbn, title, edition_year, genre_id, cover_price, pages, publisher_id, deleted_at, cover_url, view_count, description) VALUES ('8848001025', 'Dizionario Garzanti Inglese Italiano', 1982, 31, 0.00, 1, 85, NULL, 'https://covers.openlibrary.org/b/id/13827405-M.jpg', 14, NULL);
INSERT INTO public.books (isbn, title, edition_year, genre_id, cover_price, pages, publisher_id, deleted_at, cover_url, view_count, description) VALUES ('9788848006422', 'Inglese', 2002, 31, 0.00, 1, 84, '2026-02-17 00:30:54.673292+01', 'https://covers.openlibrary.org/b/id/11652539-M.jpg', 47, NULL);
INSERT INTO public.books (isbn, title, edition_year, genre_id, cover_price, pages, publisher_id, deleted_at, cover_url, view_count, description) VALUES ('9780000000001', 'Libro Demo', 2020, 1, 12.90, 200, 16, NULL, '/uploads/covers/9780000000001.jpg', 37, NULL);
INSERT INTO public.books (isbn, title, edition_year, genre_id, cover_price, pages, publisher_id, deleted_at, cover_url, view_count, description) VALUES ('9788831003397', 'Harry Potter e la camera dei segreti', 1999, 2, 12.00, 352, 5, NULL, '/uploads/covers/9788831003397.webp', 195, NULL);
INSERT INTO public.books (isbn, title, edition_year, genre_id, cover_price, pages, publisher_id, deleted_at, cover_url, view_count, description) VALUES ('8832822687', 'Giangiacomo Feltrinelli', 2018, 31, 0.00, 1, 73, NULL, 'https://covers.openlibrary.org/b/id/13943628-M.jpg', 27, NULL);
INSERT INTO public.books (isbn, title, edition_year, genre_id, cover_price, pages, publisher_id, deleted_at, cover_url, view_count, description) VALUES ('9788804700022', 'Tempesta di Spade', 2012, 2, 28.00, 1232, 8, NULL, '/uploads/covers/9788804700022.jpg', 174, NULL);
INSERT INTO public.books (isbn, title, edition_year, genre_id, cover_price, pages, publisher_id, deleted_at, cover_url, view_count, description) VALUES ('1975809890', 'King Lear', 1608, 31, 0.00, 1, 135, '2026-02-17 00:04:04.278542+01', 'https://covers.openlibrary.org/b/id/7420452-M.jpg', 0, NULL);
INSERT INTO public.books (isbn, title, edition_year, genre_id, cover_price, pages, publisher_id, deleted_at, cover_url, view_count, description) VALUES ('9788811672364', 'Eleanor Oliphant sta benissimo', 2017, 1, 11.20, 352, 12, NULL, '/uploads/covers/9788811672364.jpg', 28, NULL);
INSERT INTO public.books (isbn, title, edition_year, genre_id, cover_price, pages, publisher_id, deleted_at, cover_url, view_count, description) VALUES ('9788831003380', 'Harry Potter e la pietra filosofale', 1998, 2, 12.00, 320, 5, NULL, '/uploads/covers/9788831003380.jpg', 79, NULL);
INSERT INTO public.books (isbn, title, edition_year, genre_id, cover_price, pages, publisher_id, deleted_at, cover_url, view_count, description) VALUES ('8804532971', 'Cronache del mondo emerso', 2004, 2, 0.00, 1, 8, NULL, 'https://covers.openlibrary.org/b/id/10181207-M.jpg', 64, NULL);
INSERT INTO public.books (isbn, title, edition_year, genre_id, cover_price, pages, publisher_id, deleted_at, cover_url, view_count, description) VALUES ('9788845292620', 'Racconti incompiuti', 2004, 2, 28.00, 624, 1, NULL, NULL, 29, NULL);
INSERT INTO public.books (isbn, title, edition_year, genre_id, cover_price, pages, publisher_id, deleted_at, cover_url, view_count, description) VALUES ('9788817040990', 'Fallen', 2026, 2, 0.00, 1, 42, NULL, '/uploads/covers/9788817040990.webp', 17, NULL);
INSERT INTO public.books (isbn, title, edition_year, genre_id, cover_price, pages, publisher_id, deleted_at, cover_url, view_count, description) VALUES ('8804613424', 'Il sogno di Talitha. I regni di Nashira vol. 1', 2011, 2, 0.00, 1, 45, NULL, 'https://covers.openlibrary.org/b/id/10864238-M.jpg', 60, NULL);
INSERT INTO public.books (isbn, title, edition_year, genre_id, cover_price, pages, publisher_id, deleted_at, cover_url, view_count, description) VALUES ('8804644494', 'Le storie perdute - Cronache del mondo emerso', 2014, 10, 0.00, 1, 8, NULL, 'https://covers.openlibrary.org/b/id/10865676-M.jpg', 127, NULL);
INSERT INTO public.books (isbn, title, edition_year, genre_id, cover_price, pages, publisher_id, deleted_at, cover_url, view_count, description) VALUES ('9788804700008', 'Il Trono di Spade', 2011, 2, 24.00, 864, 8, NULL, '/uploads/covers/9788804700008.jpg', 62, NULL);
INSERT INTO public.books (isbn, title, edition_year, genre_id, cover_price, pages, publisher_id, deleted_at, cover_url, view_count, description) VALUES ('8804657111', 'Le storie perdute. Cronache del mondo emerso', 2015, 10, 0.00, 1, 8, NULL, '/uploads/covers/8804657111.webp', 29, NULL);
INSERT INTO public.books (isbn, title, edition_year, genre_id, cover_price, pages, publisher_id, deleted_at, cover_url, view_count, description) VALUES ('9788804659153', 'La ragazza del treno', 2015, 3, 14.90, 416, 8, NULL, '/uploads/covers/9788804659153.webp', 10, NULL);
INSERT INTO public.books (isbn, title, edition_year, genre_id, cover_price, pages, publisher_id, deleted_at, cover_url, view_count, description) VALUES ('9788804668230', 'Lo Hobbit', 2013, 2, 15.00, 320, 1, NULL, '/uploads/covers/9788804668230.jpg', 26, NULL);
INSERT INTO public.books (isbn, title, edition_year, genre_id, cover_price, pages, publisher_id, deleted_at, cover_url, view_count, description) VALUES ('9788877827029', 'Harry Potter e la pietra filosofale', 2000, 2, 12.50, 304, 5, NULL, '/uploads/covers/9788877827029.jpg', 103, NULL);
INSERT INTO public.books (isbn, title, edition_year, genre_id, cover_price, pages, publisher_id, deleted_at, cover_url, view_count, description) VALUES ('8804579242', 'L''eredità di Thuban. La ragazza drago vol. 1', 2008, 31, 0.00, 1, 43, NULL, 'https://covers.openlibrary.org/b/id/10880557-M.jpg', 7, NULL);
INSERT INTO public.books (isbn, title, edition_year, genre_id, cover_price, pages, publisher_id, deleted_at, cover_url, view_count, description) VALUES ('9781482939682', 'Cien años de soledad', 1967, 31, 0.00, 1, 69, NULL, 'https://covers.openlibrary.org/b/id/12627383-M.jpg', 6, NULL);
INSERT INTO public.books (isbn, title, edition_year, genre_id, cover_price, pages, publisher_id, deleted_at, cover_url, view_count, description) VALUES ('9788467058512', 'The Moving Finger', 1942, 31, 0.00, 1, 58, NULL, 'https://covers.openlibrary.org/b/id/13672855-M.jpg', 71, NULL);
INSERT INTO public.books (isbn, title, edition_year, genre_id, cover_price, pages, publisher_id, deleted_at, cover_url, view_count, description) VALUES ('1419281909', 'The Secret Adversary', 1922, 31, 0.00, 1, 58, NULL, 'https://covers.openlibrary.org/b/id/14590159-M.jpg', 17, NULL);
INSERT INTO public.books (isbn, title, edition_year, genre_id, cover_price, pages, publisher_id, deleted_at, cover_url, view_count, description) VALUES ('9788807813740', 'Universale Economica Feltrinelli (Universale economica Feltrinelli)', 1996, 31, 0.00, 1, 72, NULL, 'https://covers.openlibrary.org/b/id/4925301-M.jpg', 8, NULL);
INSERT INTO public.books (isbn, title, edition_year, genre_id, cover_price, pages, publisher_id, deleted_at, cover_url, view_count, description) VALUES ('9788831004175', 'Harry Potter e i Doni della Morte', 2008, 2, 23.00, 784, 5, NULL, '/uploads/covers/9788831004175.jpg', 120, NULL);
INSERT INTO public.books (isbn, title, edition_year, genre_id, cover_price, pages, publisher_id, deleted_at, cover_url, view_count, description) VALUES ('8483107406', 'Senior Service', 1999, 31, 0.00, 1, 74, NULL, 'https://covers.openlibrary.org/b/id/3199378-M.jpg', 134, NULL);
INSERT INTO public.books (isbn, title, edition_year, genre_id, cover_price, pages, publisher_id, deleted_at, cover_url, view_count, description) VALUES ('9788807421204', 'Feltrinelli 1955/2005', 2006, 31, 0.00, 1, 75, NULL, 'https://covers.openlibrary.org/b/id/5328341-M.jpg', 7, NULL);
INSERT INTO public.books (isbn, title, edition_year, genre_id, cover_price, pages, publisher_id, deleted_at, cover_url, view_count, description) VALUES ('8807015110', 'Recita Dell Attore (I Narratori/Feltrinelli)', 1996, 31, 0.00, 1, 72, NULL, 'https://covers.openlibrary.org/b/id/4925494-M.jpg', 23, NULL);
INSERT INTO public.books (isbn, title, edition_year, genre_id, cover_price, pages, publisher_id, deleted_at, cover_url, view_count, description) VALUES ('9780912946313', 'Sentiero dei nidi di ragno', 1947, 31, 0.00, 1, 77, NULL, 'https://covers.openlibrary.org/b/id/676567-M.jpg', 154, NULL);
INSERT INTO public.books (isbn, title, edition_year, genre_id, cover_price, pages, publisher_id, deleted_at, cover_url, view_count, description) VALUES ('0141959959', 'The Fabric of the Cosmos', 2004, 31, 0.00, 1, 77, NULL, 'https://covers.openlibrary.org/b/id/6650337-M.jpg', 23, NULL);
INSERT INTO public.books (isbn, title, edition_year, genre_id, cover_price, pages, publisher_id, deleted_at, cover_url, view_count, description) VALUES ('9788845292606', 'Il Silmarillion', 2004, 2, 25.00, 448, 1, NULL, '/uploads/covers/9788845292606.jpg', 11, NULL);
INSERT INTO public.books (isbn, title, edition_year, genre_id, cover_price, pages, publisher_id, deleted_at, cover_url, view_count, description) VALUES ('978-8845292613', 'Il Signore degli Anelli', 2004, 2, 35.00, 1368, 1, NULL, '/uploads/covers/978-8845292613.jpg', 26, NULL);
INSERT INTO public.books (isbn, title, edition_year, genre_id, cover_price, pages, publisher_id, deleted_at, cover_url, view_count, description) VALUES ('9788845226342', 'Uto (Romanzo Bompiani)', 1995, 31, 0.00, 1, 79, NULL, 'https://covers.openlibrary.org/b/id/4930022-M.jpg', 82, NULL);
INSERT INTO public.books (isbn, title, edition_year, genre_id, cover_price, pages, publisher_id, deleted_at, cover_url, view_count, description) VALUES ('9788804616351', 'Il trono di spade. Libro primo delle Cronache del ghiaccio e del fuoco', 2011, 2, 0.00, 855, 17, NULL, 'https://covers.openlibrary.org/b/id/12568143-M.jpg', 23, NULL);
INSERT INTO public.books (isbn, title, edition_year, genre_id, cover_price, pages, publisher_id, deleted_at, cover_url, view_count, description) VALUES ('9781291719864', 'Memorie Storiche Della Famiglia Bompiani', 2010, 31, 0.00, 1, 80, NULL, 'https://covers.openlibrary.org/b/id/14691908-M.jpg', 58, NULL);
INSERT INTO public.books (isbn, title, edition_year, genre_id, cover_price, pages, publisher_id, deleted_at, cover_url, view_count, description) VALUES ('9788830104716', 'Il signore degli anelli', 2020, 2, 0.00, 1, 1, NULL, 'https://covers.openlibrary.org/b/id/13119612-M.jpg', 58, NULL);
INSERT INTO public.books (isbn, title, edition_year, genre_id, cover_price, pages, publisher_id, deleted_at, cover_url, view_count, description) VALUES ('9798590501670', 'Trono Di Lancillotto', 2021, 10, 0.00, 1, 35, NULL, NULL, 25, NULL);
INSERT INTO public.books (isbn, title, edition_year, genre_id, cover_price, pages, publisher_id, deleted_at, cover_url, view_count, description) VALUES ('9788845224652', 'Il Viaggio DI G.Mastorna (Bompiani cinema)', 1995, 31, 0.00, 1, 79, NULL, 'https://covers.openlibrary.org/b/id/4930070-M.jpg', 9, NULL);
INSERT INTO public.books (isbn, title, edition_year, genre_id, cover_price, pages, publisher_id, deleted_at, cover_url, view_count, description) VALUES ('3642108806', 'Analisi Funzionale', 2011, 31, 0.00, 1, 82, NULL, 'https://covers.openlibrary.org/b/id/9359666-M.jpg', 23, NULL);
INSERT INTO public.books (isbn, title, edition_year, genre_id, cover_price, pages, publisher_id, deleted_at, cover_url, view_count, description) VALUES ('8877383380', 'L'' età dell''argento', 2001, 31, 0.00, 1, 83, NULL, 'https://covers.openlibrary.org/b/id/5479009-M.jpg', 76, NULL);
INSERT INTO public.books (isbn, title, edition_year, genre_id, cover_price, pages, publisher_id, deleted_at, cover_url, view_count, description) VALUES ('8804582863', 'Leggende del mondo emerso, 1', 2008, 31, 0.00, 1, 8, NULL, 'https://covers.openlibrary.org/b/id/11325543-M.jpg', 20, NULL);
INSERT INTO public.books (isbn, title, edition_year, genre_id, cover_price, pages, publisher_id, deleted_at, cover_url, view_count, description) VALUES ('9788831003403', 'Harry Potter e il prigioniero di Azkaban', 2000, 2, 13.00, 448, 5, NULL, '/uploads/covers/9788831003403.jpg', 56, NULL);
INSERT INTO public.books (isbn, title, edition_year, genre_id, cover_price, pages, publisher_id, deleted_at, cover_url, view_count, description) VALUES ('9788804700015', 'Lo Scontro dei Re', 2011, 2, 25.00, 912, 8, NULL, '/uploads/covers/9788804700015.jpg', 49, NULL);
INSERT INTO public.books (isbn, title, edition_year, genre_id, cover_price, pages, publisher_id, deleted_at, cover_url, view_count, description) VALUES ('9788804561132', 'CRONACHE DEL MONDO EMERSO; MONDADORI', 2008, 2, 0.00, 1, 8, NULL, 'https://covers.openlibrary.org/b/id/10547789-M.jpg', 9, NULL);
INSERT INTO public.books (isbn, title, edition_year, genre_id, cover_price, pages, publisher_id, deleted_at, cover_url, view_count, description) VALUES ('9788804620907', 'Il trono di spade : Il regno dei lupi-La regina dei draghi', 2012, 10, 0.00, 982, 17, NULL, 'https://covers.openlibrary.org/b/id/14391714-M.jpg', 71, NULL);
INSERT INTO public.books (isbn, title, edition_year, genre_id, cover_price, pages, publisher_id, deleted_at, cover_url, view_count, description) VALUES ('9788804617112', 'I gemelli di Kuma. La ragazza drago', 2012, 2, 0.00, 1, 8, NULL, 'https://covers.openlibrary.org/b/id/10587610-M.jpg', 43, NULL);
INSERT INTO public.books (isbn, title, edition_year, genre_id, cover_price, pages, publisher_id, deleted_at, cover_url, view_count, description) VALUES ('9788845292613', 'Il nome della rosa', 2004, 1, 16.00, 512, 1, NULL, '/uploads/covers/9788845292613.jpg', 22, NULL);
INSERT INTO public.books (isbn, title, edition_year, genre_id, cover_price, pages, publisher_id, deleted_at, cover_url, view_count, description) VALUES ('8845272184', 'Il piccolo principe', 2012, 1, 0.00, 1, 1, NULL, 'https://covers.openlibrary.org/b/id/9053131-M.jpg', 26, NULL);
INSERT INTO public.books (isbn, title, edition_year, genre_id, cover_price, pages, publisher_id, deleted_at, cover_url, view_count, description) VALUES ('8804797037', 'Il signore delle mosche', 2024, 1, 0.00, 1, 8, NULL, 'https://covers.openlibrary.org/b/id/15100992-M.jpg', 11, NULL);
INSERT INTO public.books (isbn, title, edition_year, genre_id, cover_price, pages, publisher_id, deleted_at, cover_url, view_count, description) VALUES ('9789997498038', 'Le avventure di Pinocchio', 1883, 1, 0.00, 1, 58, NULL, 'https://covers.openlibrary.org/b/id/8597022-M.jpg', 19, NULL);
INSERT INTO public.books (isbn, title, edition_year, genre_id, cover_price, pages, publisher_id, deleted_at, cover_url, view_count, description) VALUES ('8804574674', 'Le guerre del mondo emerso', 2009, 2, 0.00, 1, 8, NULL, 'https://covers.openlibrary.org/b/id/11069152-M.jpg', 20, NULL);
INSERT INTO public.books (isbn, title, edition_year, genre_id, cover_price, pages, publisher_id, deleted_at, cover_url, view_count, description) VALUES ('9788804665168', 'Le lame di Myra. La saga del Dominio', 2016, 2, 0.00, 1, 8, NULL, 'https://covers.openlibrary.org/b/id/11178119-M.jpg', 59, NULL);
INSERT INTO public.books (isbn, title, edition_year, genre_id, cover_price, pages, publisher_id, deleted_at, cover_url, view_count, description) VALUES ('8848000029', 'Garzanti I Grandi Dizionari', 1998, 31, 0.00, 1, 86, NULL, 'https://covers.openlibrary.org/b/id/13871872-M.jpg', 65, NULL);
INSERT INTO public.books (isbn, title, edition_year, genre_id, cover_price, pages, publisher_id, deleted_at, cover_url, view_count, description) VALUES ('9788806147815', 'Garzanti Narrativa (Poesia)', 1998, 31, 0.00, 1, 77, NULL, 'https://covers.openlibrary.org/b/id/4925794-M.jpg', 37, NULL);
INSERT INTO public.books (isbn, title, edition_year, genre_id, cover_price, pages, publisher_id, deleted_at, cover_url, view_count, description) VALUES ('9787532731077', 'Nesnesitelná lehkost bytí', 1984, 31, 0.00, 1, 88, NULL, 'https://covers.openlibrary.org/b/id/967823-M.jpg', 12, NULL);
INSERT INTO public.books (isbn, title, edition_year, genre_id, cover_price, pages, publisher_id, deleted_at, cover_url, view_count, description) VALUES ('019831759X', 'Adelphi', 1729, 31, 0.00, 1, 89, NULL, 'https://covers.openlibrary.org/b/id/5755095-M.jpg', 76, NULL);
INSERT INTO public.books (isbn, title, edition_year, genre_id, cover_price, pages, publisher_id, deleted_at, cover_url, view_count, description) VALUES ('884591335X', 'Le Dionisiache (Biblioteca Adelphi)', 1997, 31, 0.00, 1, 88, NULL, 'https://covers.openlibrary.org/b/id/4929899-M.jpg', 28, NULL);
INSERT INTO public.books (isbn, title, edition_year, genre_id, cover_price, pages, publisher_id, deleted_at, cover_url, view_count, description) VALUES ('9788845910838', 'L''affaire Moro (Piccola Biblioteca Adelphi)', 1998, 31, 0.00, 1, 88, NULL, 'https://covers.openlibrary.org/b/id/3336649-M.jpg', 192, NULL);
INSERT INTO public.books (isbn, title, edition_year, genre_id, cover_price, pages, publisher_id, deleted_at, cover_url, view_count, description) VALUES ('9788845907296', 'Una Storia Semplice (Piccola Biblioteca Adelphi)', 2018, 31, 0.00, 1, 88, NULL, 'https://covers.openlibrary.org/b/id/1049172-M.jpg', 48, NULL);
INSERT INTO public.books (isbn, title, edition_year, genre_id, cover_price, pages, publisher_id, deleted_at, cover_url, view_count, description) VALUES ('1910213039', 'Die andere Seite', 1908, 31, 0.00, 1, 88, NULL, 'https://covers.openlibrary.org/b/id/7167861-M.jpg', 53, NULL);
INSERT INTO public.books (isbn, title, edition_year, genre_id, cover_price, pages, publisher_id, deleted_at, cover_url, view_count, description) VALUES ('9783498064341', 'The River of Consciousness', 2017, 31, 0.00, 1, 88, NULL, 'https://covers.openlibrary.org/b/id/8866736-M.jpg', 71, NULL);
INSERT INTO public.books (isbn, title, edition_year, genre_id, cover_price, pages, publisher_id, deleted_at, cover_url, view_count, description) VALUES ('9025421962', 'Les fiançailles de M. Hire', 1933, 31, 0.00, 1, 88, NULL, 'https://covers.openlibrary.org/b/id/2151774-M.jpg', 9, NULL);
INSERT INTO public.books (isbn, title, edition_year, genre_id, cover_price, pages, publisher_id, deleted_at, cover_url, view_count, description) VALUES ('9780205632633', 'Dracula', 1897, 31, 0.00, 1, 96, NULL, 'https://covers.openlibrary.org/b/id/12216503-M.jpg', 50, NULL);
INSERT INTO public.books (isbn, title, edition_year, genre_id, cover_price, pages, publisher_id, deleted_at, cover_url, view_count, description) VALUES ('2259221866', 'The Goldfinch', 2013, 31, 0.00, 1, 97, NULL, 'https://covers.openlibrary.org/b/id/8771366-M.jpg', 28, NULL);
INSERT INTO public.books (isbn, title, edition_year, genre_id, cover_price, pages, publisher_id, deleted_at, cover_url, view_count, description) VALUES ('1101923083', 'Design your life', 2013, 31, 0.00, 1, 98, NULL, 'https://covers.openlibrary.org/b/id/8760239-M.jpg', 171, NULL);
INSERT INTO public.books (isbn, title, edition_year, genre_id, cover_price, pages, publisher_id, deleted_at, cover_url, view_count, description) VALUES ('0345351908', 'Tales of the City', 1978, 31, 0.00, 1, 99, NULL, 'https://covers.openlibrary.org/b/id/12646255-M.jpg', 20, NULL);
INSERT INTO public.books (isbn, title, edition_year, genre_id, cover_price, pages, publisher_id, deleted_at, cover_url, view_count, description) VALUES ('9788871882925', 'Operette morali', 1835, 31, 0.00, 1, 100, NULL, 'https://covers.openlibrary.org/b/id/8452203-M.jpg', 45, NULL);
INSERT INTO public.books (isbn, title, edition_year, genre_id, cover_price, pages, publisher_id, deleted_at, cover_url, view_count, description) VALUES ('881715010X', 'Lettera a un bambino mai nato', 1997, 31, 0.00, 1, 101, NULL, 'https://covers.openlibrary.org/b/id/6867530-M.jpg', 33, NULL);
INSERT INTO public.books (isbn, title, edition_year, genre_id, cover_price, pages, publisher_id, deleted_at, cover_url, view_count, description) VALUES ('8817057428', 'Cose di Cosa nostra', 1991, 31, 0.00, 1, 102, NULL, 'https://covers.openlibrary.org/b/id/7099819-M.jpg', 25, NULL);
INSERT INTO public.books (isbn, title, edition_year, genre_id, cover_price, pages, publisher_id, deleted_at, cover_url, view_count, description) VALUES ('8817042021', 'Pomodori verdi fritti', 2000, 31, 0.00, 1, 97, NULL, 'https://covers.openlibrary.org/b/id/13938558-M.jpg', 76, NULL);
INSERT INTO public.books (isbn, title, edition_year, genre_id, cover_price, pages, publisher_id, deleted_at, cover_url, view_count, description) VALUES ('9788817006347', 'Hitler e il nazismo magico', 2005, 31, 0.00, 1, 101, NULL, 'https://covers.openlibrary.org/b/id/11492706-M.jpg', 59, NULL);
INSERT INTO public.books (isbn, title, edition_year, genre_id, cover_price, pages, publisher_id, deleted_at, cover_url, view_count, description) VALUES ('880446030X', 'Il quartiere', 1966, 31, 0.00, 1, 102, NULL, 'https://covers.openlibrary.org/b/id/10446478-M.jpg', 76, NULL);
INSERT INTO public.books (isbn, title, edition_year, genre_id, cover_price, pages, publisher_id, deleted_at, cover_url, view_count, description) VALUES ('9788817080675', 'Dust', 2015, 31, 0.00, 1, 106, NULL, 'https://covers.openlibrary.org/b/id/13422873-M.jpg', 29, NULL);
INSERT INTO public.books (isbn, title, edition_year, genre_id, cover_price, pages, publisher_id, deleted_at, cover_url, view_count, description) VALUES ('8817080667', 'Shift', 2015, 31, 0.00, 1, 106, NULL, 'https://covers.openlibrary.org/b/id/13422872-M.jpg', 25, NULL);
INSERT INTO public.books (isbn, title, edition_year, genre_id, cover_price, pages, publisher_id, deleted_at, cover_url, view_count, description) VALUES ('8817331589', 'Diario, 1935-1944', 1982, 31, 0.00, 1, 101, NULL, 'https://covers.openlibrary.org/b/id/5438927-M.jpg', 31, NULL);
INSERT INTO public.books (isbn, title, edition_year, genre_id, cover_price, pages, publisher_id, deleted_at, cover_url, view_count, description) VALUES ('884301840X', 'Il trono di Pietro', 2001, 10, 0.00, 301, 34, NULL, NULL, 56, NULL);
INSERT INTO public.books (isbn, title, edition_year, genre_id, cover_price, pages, publisher_id, deleted_at, cover_url, view_count, description) VALUES ('8817134899', 'Nessun Luogo è Lontano', 2000, 31, 0.00, 1, 109, NULL, 'https://covers.openlibrary.org/b/id/14641622-M.jpg', 44, NULL);
INSERT INTO public.books (isbn, title, edition_year, genre_id, cover_price, pages, publisher_id, deleted_at, cover_url, view_count, description) VALUES ('9788831764520', 'Il romanzo italiano del Settecento', 1997, 31, 0.00, 1, 110, NULL, 'https://covers.openlibrary.org/b/id/3718342-M.jpg', 5, NULL);
INSERT INTO public.books (isbn, title, edition_year, genre_id, cover_price, pages, publisher_id, deleted_at, cover_url, view_count, description) VALUES ('8875927170', 'La musica nel romanzo italiano del ''900', 2002, 31, 0.00, 1, 111, NULL, 'https://covers.openlibrary.org/b/id/5499646-M.jpg', 47, NULL);
INSERT INTO public.books (isbn, title, edition_year, genre_id, cover_price, pages, publisher_id, deleted_at, cover_url, view_count, description) VALUES ('8870963233', 'La musica nel romanzo italiano del ''900', 2003, 31, 0.00, 1, 111, NULL, 'https://covers.openlibrary.org/b/id/5499645-M.jpg', 48, NULL);
INSERT INTO public.books (isbn, title, edition_year, genre_id, cover_price, pages, publisher_id, deleted_at, cover_url, view_count, description) VALUES ('9788822101082', 'Il romanzo italiano del Novecento', 1984, 31, 0.00, 1, 113, NULL, 'https://covers.openlibrary.org/b/id/5435444-M.jpg', 11, NULL);
INSERT INTO public.books (isbn, title, edition_year, genre_id, cover_price, pages, publisher_id, deleted_at, cover_url, view_count, description) VALUES ('9789197342339', 'Generi del romanzo italiano contemporaneo', 1999, 31, 0.00, 1, 114, NULL, 'https://covers.openlibrary.org/b/id/3704992-M.jpg', 24, NULL);
INSERT INTO public.books (isbn, title, edition_year, genre_id, cover_price, pages, publisher_id, deleted_at, cover_url, view_count, description) VALUES ('9781520732114', 'Metamorphoses', 1500, 31, 0.00, 1, 115, NULL, 'https://covers.openlibrary.org/b/id/6596872-M.jpg', 13, NULL);
INSERT INTO public.books (isbn, title, edition_year, genre_id, cover_price, pages, publisher_id, deleted_at, cover_url, view_count, description) VALUES ('9788842493525', 'Il romanzo italiano dell''Ottocento e Novecento', 1998, 31, 0.00, 1, 116, NULL, 'https://covers.openlibrary.org/b/id/3703520-M.jpg', 156, NULL);
INSERT INTO public.books (isbn, title, edition_year, genre_id, cover_price, pages, publisher_id, deleted_at, cover_url, view_count, description) VALUES ('9788883420023', 'Quindici episodi del romanzo italiano (1881-1923)', 1999, 31, 0.00, 1, 117, NULL, 'https://covers.openlibrary.org/b/id/4533316-M.jpg', 13, NULL);
INSERT INTO public.books (isbn, title, edition_year, genre_id, cover_price, pages, publisher_id, deleted_at, cover_url, view_count, description) VALUES ('9788806552022', 'Letteratura italiana', 1987, 31, 0.00, 1, 118, NULL, 'https://covers.openlibrary.org/b/id/5343569-M.jpg', 22, NULL);
INSERT INTO public.books (isbn, title, edition_year, genre_id, cover_price, pages, publisher_id, deleted_at, cover_url, view_count, description) VALUES ('9788881120208', 'Cento romanzi italiani (1901-1995)', 1996, 31, 0.00, 1, 119, NULL, 'https://covers.openlibrary.org/b/id/3772246-M.jpg', 55, NULL);
INSERT INTO public.books (isbn, title, edition_year, genre_id, cover_price, pages, publisher_id, deleted_at, cover_url, view_count, description) VALUES ('887380473X', 'Scrittori di terra, di mare, di città', 1998, 31, 0.00, 1, 120, NULL, 'https://covers.openlibrary.org/b/id/3752430-M.jpg', 23, NULL);
INSERT INTO public.books (isbn, title, edition_year, genre_id, cover_price, pages, publisher_id, deleted_at, cover_url, view_count, description) VALUES ('9798751319229', 'Canne al vento', 1913, 31, 0.00, 1, 58, NULL, 'https://covers.openlibrary.org/b/id/12475738-M.jpg', 164, NULL);
INSERT INTO public.books (isbn, title, edition_year, genre_id, cover_price, pages, publisher_id, deleted_at, cover_url, view_count, description) VALUES ('8885316190', 'Studi e ricerche intorno ai nostri romanzieri e romanzi del settecento', 1903, 31, 0.00, 1, 122, NULL, 'https://covers.openlibrary.org/b/id/6119124-M.jpg', 74, NULL);
INSERT INTO public.books (isbn, title, edition_year, genre_id, cover_price, pages, publisher_id, deleted_at, cover_url, view_count, description) VALUES ('1021356557', 'Decamerone', 1516, 31, 0.00, 1, 123, NULL, 'https://covers.openlibrary.org/b/id/6073528-M.jpg', 65, NULL);
INSERT INTO public.books (isbn, title, edition_year, genre_id, cover_price, pages, publisher_id, deleted_at, cover_url, view_count, description) VALUES ('9789739578011', 'La Divina Commedia', 1472, 31, 0.00, 1, 123, NULL, 'https://covers.openlibrary.org/b/id/11621024-M.jpg', 9, NULL);
INSERT INTO public.books (isbn, title, edition_year, genre_id, cover_price, pages, publisher_id, deleted_at, cover_url, view_count, description) VALUES ('880450417X', 'I promessi sposi', 1800, 31, 0.00, 1, 115, NULL, 'https://covers.openlibrary.org/b/id/8236441-M.jpg', 17, NULL);
INSERT INTO public.books (isbn, title, edition_year, genre_id, cover_price, pages, publisher_id, deleted_at, cover_url, view_count, description) VALUES ('9798710622582', 'I Promessi Sposi', 1949, 31, 0.00, 1, 128, NULL, 'https://covers.openlibrary.org/b/id/13333407-M.jpg', 122, NULL);
INSERT INTO public.books (isbn, title, edition_year, genre_id, cover_price, pages, publisher_id, deleted_at, cover_url, view_count, description) VALUES ('8842502308', 'Narrativa italiana, 1984-1988', 1989, 31, 0.00, 1, 89, NULL, 'https://covers.openlibrary.org/b/id/14499949-M.jpg', 24, NULL);
INSERT INTO public.books (isbn, title, edition_year, genre_id, cover_price, pages, publisher_id, deleted_at, cover_url, view_count, description) VALUES ('8807817993', 'Storia della narrativa italiana del Novecento', 2004, 31, 0.00, 1, 72, NULL, 'https://covers.openlibrary.org/b/id/5515257-M.jpg', 25, NULL);
INSERT INTO public.books (isbn, title, edition_year, genre_id, cover_price, pages, publisher_id, deleted_at, cover_url, view_count, description) VALUES ('9788883532900', 'La narrativa italiana degli anni Novanta', 2004, 31, 0.00, 1, 132, NULL, 'https://covers.openlibrary.org/b/id/11664135-M.jpg', 24, NULL);
INSERT INTO public.books (isbn, title, edition_year, genre_id, cover_price, pages, publisher_id, deleted_at, cover_url, view_count, description) VALUES ('9788802042039', 'Opere (Classici italiani)', 1989, 31, 0.00, 1, 133, NULL, 'https://covers.openlibrary.org/b/id/4923191-M.jpg', 23, NULL);
INSERT INTO public.books (isbn, title, edition_year, genre_id, cover_price, pages, publisher_id, deleted_at, cover_url, view_count, description) VALUES ('8842494224', 'Breviario dei classici italiani', 1996, 31, 0.00, 1, 134, NULL, 'https://covers.openlibrary.org/b/id/5300423-M.jpg', 20, NULL);
INSERT INTO public.books (isbn, title, edition_year, genre_id, cover_price, pages, publisher_id, deleted_at, cover_url, view_count, description) VALUES ('9788885323094', 'I Classici italiani', 1993, 31, 0.00, 1, 136, NULL, 'https://covers.openlibrary.org/b/id/5293841-M.jpg', 64, NULL);
INSERT INTO public.books (isbn, title, edition_year, genre_id, cover_price, pages, publisher_id, deleted_at, cover_url, view_count, description) VALUES ('8888668349', 'Bibliografia od elenco ragionato delle opere contenute nella collezione de''Classici italiani', 1814, 31, 0.00, 1, 137, NULL, 'https://covers.openlibrary.org/b/id/5866608-M.jpg', 37, NULL);
INSERT INTO public.books (isbn, title, edition_year, genre_id, cover_price, pages, publisher_id, deleted_at, cover_url, view_count, description) VALUES ('9788833912264', 'Le rose dell''abisso', 2000, 31, 0.00, 1, 138, NULL, 'https://covers.openlibrary.org/b/id/5412176-M.jpg', 21, NULL);
INSERT INTO public.books (isbn, title, edition_year, genre_id, cover_price, pages, publisher_id, deleted_at, cover_url, view_count, description) VALUES ('9781420979589', 'Os Lusíadas', 1572, 31, 0.00, 1, 139, NULL, 'https://covers.openlibrary.org/b/id/5943496-M.jpg', 42, NULL);
INSERT INTO public.books (isbn, title, edition_year, genre_id, cover_price, pages, publisher_id, deleted_at, cover_url, view_count, description) VALUES ('5995301276', 'Se questo è un uomo', 1947, 31, 0.00, 1, 115, NULL, 'https://covers.openlibrary.org/b/id/1049023-M.jpg', 154, NULL);
INSERT INTO public.books (isbn, title, edition_year, genre_id, cover_price, pages, publisher_id, deleted_at, cover_url, view_count, description) VALUES ('9781624902949', 'A Clockwork Orange', 1962, 31, 0.00, 1, 123, NULL, 'https://covers.openlibrary.org/b/id/13151224-M.jpg', 154, NULL);
INSERT INTO public.books (isbn, title, edition_year, genre_id, cover_price, pages, publisher_id, deleted_at, cover_url, view_count, description) VALUES ('1694500233', 'Macbeth', 1508, 31, 0.00, 1, 142, NULL, 'https://covers.openlibrary.org/b/id/872432-M.jpg', 55, NULL);
INSERT INTO public.books (isbn, title, edition_year, genre_id, cover_price, pages, publisher_id, deleted_at, cover_url, view_count, description) VALUES ('9781548833152', 'Rayuela', 1963, 31, 0.00, 1, 143, NULL, 'https://covers.openlibrary.org/b/id/1047466-M.jpg', 17, NULL);
INSERT INTO public.books (isbn, title, edition_year, genre_id, cover_price, pages, publisher_id, deleted_at, cover_url, view_count, description) VALUES ('9780679601609', 'Mémoires d''Hadrien', 1951, 31, 0.00, 1, 144, NULL, 'https://covers.openlibrary.org/b/id/1003164-M.jpg', 21, NULL);
INSERT INTO public.books (isbn, title, edition_year, genre_id, cover_price, pages, publisher_id, deleted_at, cover_url, view_count, description) VALUES ('9781544080796', 'Daisy Miller', 1877, 31, 0.00, 1, 145, NULL, 'https://covers.openlibrary.org/b/id/6482238-M.jpg', 70, NULL);
INSERT INTO public.books (isbn, title, edition_year, genre_id, cover_price, pages, publisher_id, deleted_at, cover_url, view_count, description) VALUES ('9789035133716', 'Het Achterhuis', 1944, 31, 0.00, 1, 146, NULL, 'https://covers.openlibrary.org/b/id/8584021-M.jpg', 28, NULL);
INSERT INTO public.books (isbn, title, edition_year, genre_id, cover_price, pages, publisher_id, deleted_at, cover_url, view_count, description) VALUES ('8806566067', 'Naturalis historia', 1469, 31, 0.00, 1, 147, NULL, 'https://covers.openlibrary.org/b/id/6543272-M.jpg', 6, NULL);
INSERT INTO public.books (isbn, title, edition_year, genre_id, cover_price, pages, publisher_id, deleted_at, cover_url, view_count, description) VALUES ('9780787114534', 'Voyage au Centre de la Terre', 1867, 31, 0.00, 1, 135, NULL, 'https://covers.openlibrary.org/b/id/5890987-M.jpg', 10, NULL);
INSERT INTO public.books (isbn, title, edition_year, genre_id, cover_price, pages, publisher_id, deleted_at, cover_url, view_count, description) VALUES ('9783849533588', 'El Conde de Montecristo', 1830, 31, 0.00, 1, 149, NULL, 'https://covers.openlibrary.org/b/id/14566393-M.jpg', 69, NULL);
INSERT INTO public.books (isbn, title, edition_year, genre_id, cover_price, pages, publisher_id, deleted_at, cover_url, view_count, description) VALUES ('140003115X', 'Il Paradiso', 1595, 31, 0.00, 1, 150, NULL, 'https://covers.openlibrary.org/b/id/6549496-M.jpg', 7, NULL);
INSERT INTO public.books (isbn, title, edition_year, genre_id, cover_price, pages, publisher_id, deleted_at, cover_url, view_count, description) VALUES ('9798808200333', 'Flatland', 1884, 31, 0.00, 1, 151, NULL, 'https://covers.openlibrary.org/b/id/10069547-M.jpg', 49, NULL);
INSERT INTO public.books (isbn, title, edition_year, genre_id, cover_price, pages, publisher_id, deleted_at, cover_url, view_count, description) VALUES ('9780472061662', 'Poetics', 1536, 31, 0.00, 1, 152, NULL, 'https://covers.openlibrary.org/b/id/6528920-M.jpg', 8, NULL);
INSERT INTO public.books (isbn, title, edition_year, genre_id, cover_price, pages, publisher_id, deleted_at, cover_url, view_count, description) VALUES ('9788838238451', 'Ultima narrativa italiana', 2000, 31, 0.00, 1, 129, NULL, 'https://covers.openlibrary.org/b/id/5504628-M.jpg', 29, NULL);
INSERT INTO public.book_authors (book_isbn, author_id) VALUES ('978-8845292613', 1);
INSERT INTO public.book_authors (book_isbn, author_id) VALUES ('9788804668230', 1);
INSERT INTO public.book_authors (book_isbn, author_id) VALUES ('9788845292606', 1);
INSERT INTO public.book_authors (book_isbn, author_id) VALUES ('9788845292620', 1);
INSERT INTO public.book_authors (book_isbn, author_id) VALUES ('9788831003380', 5);
INSERT INTO public.book_authors (book_isbn, author_id) VALUES ('9788831003397', 5);
INSERT INTO public.book_authors (book_isbn, author_id) VALUES ('9788831003403', 5);
INSERT INTO public.book_authors (book_isbn, author_id) VALUES ('9788804700008', 8);
INSERT INTO public.book_authors (book_isbn, author_id) VALUES ('9788804700015', 8);
INSERT INTO public.book_authors (book_isbn, author_id) VALUES ('9788804700022', 8);
INSERT INTO public.book_authors (book_isbn, author_id) VALUES ('9788831004175', 5);
INSERT INTO public.book_authors (book_isbn, author_id) VALUES ('9788811672364', 12);
INSERT INTO public.book_authors (book_isbn, author_id) VALUES ('9788845292613', 13);
INSERT INTO public.book_authors (book_isbn, author_id) VALUES ('9788804659153', 14);
INSERT INTO public.book_authors (book_isbn, author_id) VALUES ('9788877827029', 5);
INSERT INTO public.book_authors (book_isbn, author_id) VALUES ('9780000000001', 16);
INSERT INTO public.book_authors (book_isbn, author_id) VALUES ('9788804620907', 8);
INSERT INTO public.book_authors (book_isbn, author_id) VALUES ('9788804620907', 18);
INSERT INTO public.book_authors (book_isbn, author_id) VALUES ('9798590501670', 22);
INSERT INTO public.book_authors (book_isbn, author_id) VALUES ('8804644494', 23);
INSERT INTO public.book_authors (book_isbn, author_id) VALUES ('8804657111', 23);
INSERT INTO public.book_authors (book_isbn, author_id) VALUES ('9788804616351', 8);
INSERT INTO public.book_authors (book_isbn, author_id) VALUES ('9788804616351', 18);
INSERT INTO public.book_authors (book_isbn, author_id) VALUES ('9788830104716', 25);
INSERT INTO public.book_authors (book_isbn, author_id) VALUES ('9788804579243', 31);
INSERT INTO public.book_authors (book_isbn, author_id) VALUES ('8804582863', 23);
INSERT INTO public.book_authors (book_isbn, author_id) VALUES ('9788817040990', 39);
INSERT INTO public.book_authors (book_isbn, author_id) VALUES ('8804532971', 23);
INSERT INTO public.book_authors (book_isbn, author_id) VALUES ('9788804561132', 37);
INSERT INTO public.book_authors (book_isbn, author_id) VALUES ('9788804617112', 23);
INSERT INTO public.book_authors (book_isbn, author_id) VALUES ('8845272184', 30);
INSERT INTO public.book_authors (book_isbn, author_id) VALUES ('8804797037', 29);
INSERT INTO public.book_authors (book_isbn, author_id) VALUES ('8804613424', 23);
INSERT INTO public.book_authors (book_isbn, author_id) VALUES ('9788560280940', 47);
INSERT INTO public.book_authors (book_isbn, author_id) VALUES ('9789997498038', 46);
INSERT INTO public.book_authors (book_isbn, author_id) VALUES ('8804574674', 23);
INSERT INTO public.book_authors (book_isbn, author_id) VALUES ('9788804665168', 23);
INSERT INTO public.book_authors (book_isbn, author_id) VALUES ('884301840X', 21);
INSERT INTO public.book_authors (book_isbn, author_id) VALUES ('8804579242', 31);
INSERT INTO public.book_authors (book_isbn, author_id) VALUES ('9781482939682', 57);
INSERT INTO public.book_authors (book_isbn, author_id) VALUES ('9788467058512', 58);
INSERT INTO public.book_authors (book_isbn, author_id) VALUES ('1419281909', 58);
INSERT INTO public.book_authors (book_isbn, author_id) VALUES ('9788807813740', 60);
INSERT INTO public.book_authors (book_isbn, author_id) VALUES ('8832822687', 61);
INSERT INTO public.book_authors (book_isbn, author_id) VALUES ('8483107406', 62);
INSERT INTO public.book_authors (book_isbn, author_id) VALUES ('9788807421204', 63);
INSERT INTO public.book_authors (book_isbn, author_id) VALUES ('8807015110', 64);
INSERT INTO public.book_authors (book_isbn, author_id) VALUES ('9780912946313', 65);
INSERT INTO public.book_authors (book_isbn, author_id) VALUES ('0141959959', 66);
INSERT INTO public.book_authors (book_isbn, author_id) VALUES ('9788845226342', 67);
INSERT INTO public.book_authors (book_isbn, author_id) VALUES ('9781291719864', 68);
INSERT INTO public.book_authors (book_isbn, author_id) VALUES ('9788845224652', 69);
INSERT INTO public.book_authors (book_isbn, author_id) VALUES ('3642108806', 70);
INSERT INTO public.book_authors (book_isbn, author_id) VALUES ('8877383380', 71);
INSERT INTO public.book_authors (book_isbn, author_id) VALUES ('9788848006422', 72);
INSERT INTO public.book_authors (book_isbn, author_id) VALUES ('8848001025', 72);
INSERT INTO public.book_authors (book_isbn, author_id) VALUES ('8848000029', 72);
INSERT INTO public.book_authors (book_isbn, author_id) VALUES ('9788806147815', 75);
INSERT INTO public.book_authors (book_isbn, author_id) VALUES ('9788806147815', 76);
INSERT INTO public.book_authors (book_isbn, author_id) VALUES ('9787532731077', 77);
INSERT INTO public.book_authors (book_isbn, author_id) VALUES ('019831759X', 78);
INSERT INTO public.book_authors (book_isbn, author_id) VALUES ('884591335X', 79);
INSERT INTO public.book_authors (book_isbn, author_id) VALUES ('9788845910838', 80);
INSERT INTO public.book_authors (book_isbn, author_id) VALUES ('9788845907296', 80);
INSERT INTO public.book_authors (book_isbn, author_id) VALUES ('1910213039', 82);
INSERT INTO public.book_authors (book_isbn, author_id) VALUES ('9783498064341', 83);
INSERT INTO public.book_authors (book_isbn, author_id) VALUES ('9025421962', 84);
INSERT INTO public.book_authors (book_isbn, author_id) VALUES ('9780205632633', 85);
INSERT INTO public.book_authors (book_isbn, author_id) VALUES ('2259221866', 86);
INSERT INTO public.book_authors (book_isbn, author_id) VALUES ('2259221866', 87);
INSERT INTO public.book_authors (book_isbn, author_id) VALUES ('1101923083', 88);
INSERT INTO public.book_authors (book_isbn, author_id) VALUES ('1101923083', 89);
INSERT INTO public.book_authors (book_isbn, author_id) VALUES ('1101923083', 90);
INSERT INTO public.book_authors (book_isbn, author_id) VALUES ('1101923083', 91);
INSERT INTO public.book_authors (book_isbn, author_id) VALUES ('0345351908', 92);
INSERT INTO public.book_authors (book_isbn, author_id) VALUES ('9788871882925', 93);
INSERT INTO public.book_authors (book_isbn, author_id) VALUES ('881715010X', 94);
INSERT INTO public.book_authors (book_isbn, author_id) VALUES ('8817057428', 95);
INSERT INTO public.book_authors (book_isbn, author_id) VALUES ('8817042021', 96);
INSERT INTO public.book_authors (book_isbn, author_id) VALUES ('9788817006347', 97);
INSERT INTO public.book_authors (book_isbn, author_id) VALUES ('880446030X', 98);
INSERT INTO public.book_authors (book_isbn, author_id) VALUES ('9788817080675', 99);
INSERT INTO public.book_authors (book_isbn, author_id) VALUES ('8817080667', 99);
INSERT INTO public.book_authors (book_isbn, author_id) VALUES ('8817331589', 101);
INSERT INTO public.book_authors (book_isbn, author_id) VALUES ('8817331589', 102);
INSERT INTO public.book_authors (book_isbn, author_id) VALUES ('8817134899', 103);
INSERT INTO public.book_authors (book_isbn, author_id) VALUES ('9788831764520', 104);
INSERT INTO public.book_authors (book_isbn, author_id) VALUES ('8875927170', 105);
INSERT INTO public.book_authors (book_isbn, author_id) VALUES ('8870963233', 105);
INSERT INTO public.book_authors (book_isbn, author_id) VALUES ('9788822101082', 107);
INSERT INTO public.book_authors (book_isbn, author_id) VALUES ('9789197342339', 108);
INSERT INTO public.book_authors (book_isbn, author_id) VALUES ('9781520732114', 109);
INSERT INTO public.book_authors (book_isbn, author_id) VALUES ('9781520732114', 110);
INSERT INTO public.book_authors (book_isbn, author_id) VALUES ('9781520732114', 111);
INSERT INTO public.book_authors (book_isbn, author_id) VALUES ('9788842493525', 112);
INSERT INTO public.book_authors (book_isbn, author_id) VALUES ('9788883420023', 113);
INSERT INTO public.book_authors (book_isbn, author_id) VALUES ('9788883420023', 114);
INSERT INTO public.book_authors (book_isbn, author_id) VALUES ('9788806552022', 115);
INSERT INTO public.book_authors (book_isbn, author_id) VALUES ('9788881120208', 116);
INSERT INTO public.book_authors (book_isbn, author_id) VALUES ('887380473X', 117);
INSERT INTO public.book_authors (book_isbn, author_id) VALUES ('9798751319229', 118);
INSERT INTO public.book_authors (book_isbn, author_id) VALUES ('9798751319229', 119);
INSERT INTO public.book_authors (book_isbn, author_id) VALUES ('9798751319229', 120);
INSERT INTO public.book_authors (book_isbn, author_id) VALUES ('9798751319229', 121);
INSERT INTO public.book_authors (book_isbn, author_id) VALUES ('9798751319229', 122);
INSERT INTO public.book_authors (book_isbn, author_id) VALUES ('9798751319229', 123);
INSERT INTO public.book_authors (book_isbn, author_id) VALUES ('8885316190', 124);
INSERT INTO public.book_authors (book_isbn, author_id) VALUES ('1021356557', 125);
INSERT INTO public.book_authors (book_isbn, author_id) VALUES ('9789739578011', 126);
INSERT INTO public.book_authors (book_isbn, author_id) VALUES ('9780425018989', 127);
INSERT INTO public.book_authors (book_isbn, author_id) VALUES ('9780342956630', 128);
INSERT INTO public.book_authors (book_isbn, author_id) VALUES ('9780342956630', 129);
INSERT INTO public.book_authors (book_isbn, author_id) VALUES ('880450417X', 130);
INSERT INTO public.book_authors (book_isbn, author_id) VALUES ('9798710622582', 130);
INSERT INTO public.book_authors (book_isbn, author_id) VALUES ('9788838238451', 132);
INSERT INTO public.book_authors (book_isbn, author_id) VALUES ('8842502308', 133);
INSERT INTO public.book_authors (book_isbn, author_id) VALUES ('8807817993', 134);
INSERT INTO public.book_authors (book_isbn, author_id) VALUES ('9788883532900', 135);
INSERT INTO public.book_authors (book_isbn, author_id) VALUES ('9788802042039', 136);
INSERT INTO public.book_authors (book_isbn, author_id) VALUES ('8842494224', 137);
INSERT INTO public.book_authors (book_isbn, author_id) VALUES ('8842494224', 138);
INSERT INTO public.book_authors (book_isbn, author_id) VALUES ('8842494224', 139);
INSERT INTO public.book_authors (book_isbn, author_id) VALUES ('1975809890', 140);
INSERT INTO public.book_authors (book_isbn, author_id) VALUES ('9788885323094', 141);
INSERT INTO public.book_authors (book_isbn, author_id) VALUES ('8888668349', 142);
INSERT INTO public.book_authors (book_isbn, author_id) VALUES ('9788833912264', 143);
INSERT INTO public.book_authors (book_isbn, author_id) VALUES ('9781420979589', 144);
INSERT INTO public.book_authors (book_isbn, author_id) VALUES ('9781420979589', 145);
INSERT INTO public.book_authors (book_isbn, author_id) VALUES ('5995301276', 146);
INSERT INTO public.book_authors (book_isbn, author_id) VALUES ('9781624902949', 147);
INSERT INTO public.book_authors (book_isbn, author_id) VALUES ('1694500233', 140);
INSERT INTO public.book_authors (book_isbn, author_id) VALUES ('9781548833152', 149);
INSERT INTO public.book_authors (book_isbn, author_id) VALUES ('9780679601609', 150);
INSERT INTO public.book_authors (book_isbn, author_id) VALUES ('9781544080796', 151);
INSERT INTO public.book_authors (book_isbn, author_id) VALUES ('9789035133716', 152);
INSERT INTO public.book_authors (book_isbn, author_id) VALUES ('8806566067', 153);
INSERT INTO public.book_authors (book_isbn, author_id) VALUES ('9780787114534', 154);
INSERT INTO public.book_authors (book_isbn, author_id) VALUES ('9783849533588', 155);
INSERT INTO public.book_authors (book_isbn, author_id) VALUES ('140003115X', 126);
INSERT INTO public.book_authors (book_isbn, author_id) VALUES ('9798808200333', 157);
INSERT INTO public.book_authors (book_isbn, author_id) VALUES ('9780472061662', 158);
INSERT INTO public.book_authors (book_isbn, author_id) VALUES ('9788842511748', 154);
INSERT INTO public.users (id, username, email, password_hash, full_name, geom, created_at, updated_at, deleted_at, is_trusted, is_admin, location_updated_at, location_precision_km, location_privacy_profile, location_consent, location_source, phone, exchange_contact_preference) VALUES (1, 'mario', 'mario.rossi@example.com', 'HASH_DI_TEST', 'Mario Rossi', NULL, '2026-01-22 21:36:04.917249+01', '2026-01-22 21:36:04.917249+01', NULL, false, false, NULL, NULL, NULL, false, NULL, NULL, 'email');
INSERT INTO public.users (id, username, email, password_hash, full_name, geom, created_at, updated_at, deleted_at, is_trusted, is_admin, location_updated_at, location_precision_km, location_privacy_profile, location_consent, location_source, phone, exchange_contact_preference) VALUES (6, 'stefano', 'stefanoverdi@test.it', '$2b$10$mi8i7EtIYbVsSkLl87HPReuisjH8kjfDHfatRfRg6AeO.pBoMB8zi', 'J. Stefano Verdi', '0101000020E610000040053BF385982C408E461FD4C2864440', '2026-01-29 13:18:49.638453+01', '2026-02-17 08:16:12.67454+01', NULL, true, true, '2026-02-17 08:16:12.67454+01', 5, 'standard', true, 'gps', '123-456-678', 'phone');
INSERT INTO public.users (id, username, email, password_hash, full_name, geom, created_at, updated_at, deleted_at, is_trusted, is_admin, location_updated_at, location_precision_km, location_privacy_profile, location_consent, location_source, phone, exchange_contact_preference) VALUES (30, 'roberto.ferri017', 'roberto.ferri017@demo.local', '$2b$10$w/Eay/YbchbkdySLj7.lwOOY3T9OGO9Mhn4ITjqXrqORJknFXo4cC', 'Roberto Ferri', '0101000020E61000007E1D386744892C40CC5D4BC8076D4440', '2026-02-16 23:43:24.790014+01', '2026-02-17 00:10:06.28766+01', NULL, false, false, '2026-02-17 00:10:06.28766+01', 10, 'private', true, 'seed_fix_golfo_napoli', NULL, 'email');
INSERT INTO public.users (id, username, email, password_hash, full_name, geom, created_at, updated_at, deleted_at, is_trusted, is_admin, location_updated_at, location_precision_km, location_privacy_profile, location_consent, location_source, phone, exchange_contact_preference) VALUES (2, 'luca', 'luca@test.it', '$2b$10$C2FtKQoexHPGHtV4XKNMBu5vl/sXefS9m9I.XD4QMxhFxxC3nCQcW', 'Luca Bianchi', '0101000020E6100000453D0442EBBC2C40E926C7D594924240', '2026-01-22 21:45:27.989429+01', '2026-02-16 12:10:27.461963+01', NULL, true, true, '2026-02-16 12:10:27.461963+01', 5, 'standard', true, 'gps', NULL, 'email');
INSERT INTO public.users (id, username, email, password_hash, full_name, geom, created_at, updated_at, deleted_at, is_trusted, is_admin, location_updated_at, location_precision_km, location_privacy_profile, location_consent, location_source, phone, exchange_contact_preference) VALUES (15, 'marco.barbieri002', 'marco.barbieri002@demo.local', '$2b$10$MfDPscxki51bPc1Nso5pwOYerK.IlfHkzoVWAqpSAoexIV1Q.S.0S', 'Marco Barbieri', '0101000020E61000007E1D386744892C40CC5D4BC8076D4440', '2026-02-16 23:43:21.456664+01', '2026-02-17 00:30:54.673292+01', NULL, false, false, '2026-02-17 00:30:54.673292+01', 10, 'private', true, 'seed_fix_inland_v2', NULL, 'email');
INSERT INTO public.users (id, username, email, password_hash, full_name, geom, created_at, updated_at, deleted_at, is_trusted, is_admin, location_updated_at, location_precision_km, location_privacy_profile, location_consent, location_source, phone, exchange_contact_preference) VALUES (16, 'luca.vitale003', 'luca.vitale003@demo.local', '$2b$10$2YccLYlah3qn.M7m6s1Cue9XPqUFiWG8NwNPgmR0EOcJAEqOItouO', 'Luca Vitale', '0101000020E61000008E5C8C01DF2B29409D4B76463E054540', '2026-02-16 23:43:21.681904+01', '2026-02-16 23:48:19.326921+01', NULL, false, false, '2026-02-16 23:48:19.326921+01', 10, 'private', true, 'gps', NULL, 'email');
INSERT INTO public.users (id, username, email, password_hash, full_name, geom, created_at, updated_at, deleted_at, is_trusted, is_admin, location_updated_at, location_precision_km, location_privacy_profile, location_consent, location_source, phone, exchange_contact_preference) VALUES (26, 'stefano.de.luca013', 'stefano.de.luca013@demo.local', '$2b$10$ifcs15f9vD8Sv0ohfdnvRuDFC3WNwQ2VSB6Qz9WNdX9djCLxrbrO2', 'Stefano De Luca', '0101000020E6100000E561A1D634DF3040492EFF21FD8E4440', '2026-02-16 23:43:23.899841+01', '2026-02-17 15:31:03.763093+01', NULL, false, false, '2026-02-17 15:31:03.763093+01', 5, 'standard', true, 'manual_fix_land', NULL, 'email');
INSERT INTO public.users (id, username, email, password_hash, full_name, geom, created_at, updated_at, deleted_at, is_trusted, is_admin, location_updated_at, location_precision_km, location_privacy_profile, location_consent, location_source, phone, exchange_contact_preference) VALUES (18, 'davide.sanna005', 'davide.sanna005@demo.local', '$2b$10$EoV3sRUGYUQ8UrzKsftWpedVupmnNKACcnYM7y3bw6SgG3XVbD7TO', 'Davide Sanna', '0101000020E6100000A0C90613AC262E40D9B4EEC312CC4240', '2026-02-16 23:43:22.128765+01', '2026-02-16 23:48:19.820955+01', NULL, false, false, '2026-02-16 23:48:19.820955+01', 5, 'standard', true, 'gps', NULL, 'email');
INSERT INTO public.users (id, username, email, password_hash, full_name, geom, created_at, updated_at, deleted_at, is_trusted, is_admin, location_updated_at, location_precision_km, location_privacy_profile, location_consent, location_source, phone, exchange_contact_preference) VALUES (19, 'andrea.ferrari006', 'andrea.ferrari006@demo.local', '$2b$10$IgOxXy6D0RLEusig0tOPLuuQLkL5FiBw1IQ6vNvx/.0cr.Ze.efKm', 'Andrea Ferrari', '0101000020E61000003DEB7A2DBCC72640ABE34B19B33B4640', '2026-02-16 23:43:22.35157+01', '2026-02-16 23:48:20.067955+01', NULL, false, false, '2026-02-16 23:48:20.067955+01', 5, 'standard', true, 'gps', NULL, 'email');
INSERT INTO public.users (id, username, email, password_hash, full_name, geom, created_at, updated_at, deleted_at, is_trusted, is_admin, location_updated_at, location_precision_km, location_privacy_profile, location_consent, location_source, phone, exchange_contact_preference) VALUES (21, 'federico.greco008', 'federico.greco008@demo.local', '$2b$10$QvtTycqP0xveWM2qbmdKrOB9UDJoi/rG6w4ZjCIe2Tq1MfS5yuPsm', 'Federico Greco', '0101000020E61000001145D68877342C40F6511B0903814440', '2026-02-16 23:43:22.793944+01', '2026-02-16 23:48:20.559482+01', NULL, false, false, '2026-02-16 23:48:20.559482+01', 5, 'standard', true, 'gps', NULL, 'email');
INSERT INTO public.users (id, username, email, password_hash, full_name, geom, created_at, updated_at, deleted_at, is_trusted, is_admin, location_updated_at, location_precision_km, location_privacy_profile, location_consent, location_source, phone, exchange_contact_preference) VALUES (22, 'lorenzo.gentile009', 'lorenzo.gentile009@demo.local', '$2b$10$5vk5mTUgeQGOWe0f6QZncOQb9E5ti5qiS46PeXGQjbh7OMma9jTN.', 'Lorenzo Gentile', '0101000020E6100000E02BF231D8E228406D626EB0BEF94440', '2026-02-16 23:43:23.016061+01', '2026-02-16 23:48:20.803932+01', NULL, false, false, '2026-02-16 23:48:20.803932+01', 5, 'standard', true, 'gps', NULL, 'email');
INSERT INTO public.users (id, username, email, password_hash, full_name, geom, created_at, updated_at, deleted_at, is_trusted, is_admin, location_updated_at, location_precision_km, location_privacy_profile, location_consent, location_source, phone, exchange_contact_preference) VALUES (23, 'michele.martini010', 'michele.martini010@demo.local', '$2b$10$XxKo/FN869URRUsozYr8o.4iO7L1OYwPFM1r1GzLphmkB2t3EEqk2', 'Michele Martini', '0101000020E6100000415B34C679A1214043D84FE472414640', '2026-02-16 23:43:23.238435+01', '2026-02-16 23:48:21.05135+01', NULL, false, false, '2026-02-16 23:48:21.05135+01', 5, 'standard', true, 'gps', NULL, 'email');
INSERT INTO public.users (id, username, email, password_hash, full_name, geom, created_at, updated_at, deleted_at, is_trusted, is_admin, location_updated_at, location_precision_km, location_privacy_profile, location_consent, location_source, phone, exchange_contact_preference) VALUES (24, 'gabriele.bellini011', 'gabriele.bellini011@demo.local', '$2b$10$WW/3t4vszNDOOpmzfVdeYOa2AwWWHCagI7ZUGek6UDrpM0ZPjpLsK', 'Gabriele Bellini', '0101000020E6100000EBE3D11B300A1F40FB438333308C4640', '2026-02-16 23:43:23.460991+01', '2026-02-16 23:48:21.295758+01', NULL, false, false, '2026-02-16 23:48:21.295758+01', 10, 'private', true, 'gps', NULL, 'email');
INSERT INTO public.users (id, username, email, password_hash, full_name, geom, created_at, updated_at, deleted_at, is_trusted, is_admin, location_updated_at, location_precision_km, location_privacy_profile, location_consent, location_source, phone, exchange_contact_preference) VALUES (9, 'admin_demo', 'admin@example.com', '$2b$10$HVGMu5PgkRAPFgYTnfX70enNTy9NTgCMCtYLP.pfQcOyyFrqv3oh.', 'Admin Demo', NULL, '2026-02-14 02:09:54.430236+01', '2026-02-14 02:09:54.430236+01', NULL, true, true, NULL, NULL, NULL, false, NULL, NULL, 'email');
INSERT INTO public.users (id, username, email, password_hash, full_name, geom, created_at, updated_at, deleted_at, is_trusted, is_admin, location_updated_at, location_precision_km, location_privacy_profile, location_consent, location_source, phone, exchange_contact_preference) VALUES (25, 'simone.bianchi012', 'simone.bianchi012@demo.local', '$2b$10$IR7paXLJKyPKltgS15WWW.4UKNufD1BY/7W9R/wM6MGtSfd9bFTEW', 'Simone Bianchi', '0101000020E61000000A9C559FC18029400557727B7EFF4440', '2026-02-16 23:43:23.680679+01', '2026-02-16 23:48:21.542909+01', NULL, false, false, '2026-02-16 23:48:21.542909+01', 5, 'standard', true, 'gps', NULL, 'email');
INSERT INTO public.users (id, username, email, password_hash, full_name, geom, created_at, updated_at, deleted_at, is_trusted, is_admin, location_updated_at, location_precision_km, location_privacy_profile, location_consent, location_source, phone, exchange_contact_preference) VALUES (8, 'paolo91', 'paolobalcone@test.it', '$2b$10$bgHVmBrm8YkvFhhV4PwudOTYTyM1t.2ERWwxQkBECCIjvNoCmX44W', 'Paolo Balcone', '0101000020E61000003063571BDB1E2E40573419D26CBF4240', '2026-02-12 09:19:13.783209+01', '2026-02-15 11:45:47.411079+01', NULL, false, false, '2026-02-12 09:19:46.949387+01', 2, 'standard', true, 'gps', NULL, 'email');
INSERT INTO public.users (id, username, email, password_hash, full_name, geom, created_at, updated_at, deleted_at, is_trusted, is_admin, location_updated_at, location_precision_km, location_privacy_profile, location_consent, location_source, phone, exchange_contact_preference) VALUES (27, 'antonio.rizzo014', 'antonio.rizzo014@demo.local', '$2b$10$rbYUJYbtHub2718LgSgamu1MkK2iqT4PSalyQ3GeB6W51PG/PCpU6', 'Antonio Rizzo', '0101000020E6100000232CF9BF27722C40F6511B0903814440', '2026-02-16 23:43:24.124044+01', '2026-02-16 23:48:22.038256+01', NULL, false, false, '2026-02-16 23:48:22.038256+01', 5, 'standard', true, 'gps', NULL, 'email');
INSERT INTO public.users (id, username, email, password_hash, full_name, geom, created_at, updated_at, deleted_at, is_trusted, is_admin, location_updated_at, location_precision_km, location_privacy_profile, location_consent, location_source, phone, exchange_contact_preference) VALUES (28, 'paolo.d.amico015', 'paolo.d.amico015@demo.local', '$2b$10$qZNtPT/Flyl/aaPBXdjpNOrd7pKdV8I1Bj5XAJb0qMJqusF1Fo5FO', 'Paolo D Amico', '0101000020E6100000865ECF894A5829403D79661A3FEE4440', '2026-02-16 23:43:24.343896+01', '2026-02-16 23:48:22.289385+01', NULL, false, false, '2026-02-16 23:48:22.289385+01', 10, 'private', true, 'gps', NULL, 'email');
INSERT INTO public.users (id, username, email, password_hash, full_name, geom, created_at, updated_at, deleted_at, is_trusted, is_admin, location_updated_at, location_precision_km, location_privacy_profile, location_consent, location_source, phone, exchange_contact_preference) VALUES (29, 'riccardo.messina016', 'riccardo.messina016@demo.local', '$2b$10$ptcGePB7ibt2R.daiPL90OP.mnhOKLguEUd87MUUXTwHF.LtgN/BS', 'Riccardo Messina', '0101000020E6100000A0841A8058F92A4090202213D0164340', '2026-02-16 23:43:24.566432+01', '2026-02-16 23:48:22.540852+01', NULL, false, false, '2026-02-16 23:48:22.540852+01', 5, 'standard', true, 'gps', NULL, 'email');
INSERT INTO public.users (id, username, email, password_hash, full_name, geom, created_at, updated_at, deleted_at, is_trusted, is_admin, location_updated_at, location_precision_km, location_privacy_profile, location_consent, location_source, phone, exchange_contact_preference) VALUES (10, 'Elizabeth', 'Elizabeth@test.it', '$2b$10$x9F0HYZI424bexUPHaDY..bNS3L2S3G/.digSAkiaaF5PFSyGB3Hy', 'Elizabeth Pasquale', '0101000020E610000097C4CB01B0192D40811BCBA054984240', '2026-02-14 11:28:20.120715+01', '2026-02-14 11:34:04.034616+01', NULL, false, false, '2026-02-14 11:33:38.126621+01', 10, 'private', true, 'gps', NULL, 'email');
INSERT INTO public.users (id, username, email, password_hash, full_name, geom, created_at, updated_at, deleted_at, is_trusted, is_admin, location_updated_at, location_precision_km, location_privacy_profile, location_consent, location_source, phone, exchange_contact_preference) VALUES (4, 'paolo', 'paolo@test.it', '$2b$10$lRck7Y1KpI7v/4wb7Obth.LQ4tJJGG3M59OxXX01l9pFnUrTgRiKG', 'paolo Rossi', '0101000020E61000005F8C587EAF192D40811BCBA054984240', '2026-01-23 16:07:06.730727+01', '2026-02-15 11:46:30.7426+01', NULL, true, false, '2026-02-14 17:46:46.546758+01', 10, 'private', true, 'gps', NULL, 'email');
INSERT INTO public.users (id, username, email, password_hash, full_name, geom, created_at, updated_at, deleted_at, is_trusted, is_admin, location_updated_at, location_precision_km, location_privacy_profile, location_consent, location_source, phone, exchange_contact_preference) VALUES (11, 'codex_1771155777', 'codex_1771155777@example.com', '$2b$10$0VqYb12q3YGlPJw0vnparOEd3ZTfdj/qBfa4Rbt4JXQa8s5I/.y0O', NULL, NULL, '2026-02-15 12:42:57.406152+01', '2026-02-15 12:42:57.406152+01', NULL, false, false, NULL, NULL, NULL, false, NULL, NULL, 'email');
INSERT INTO public.users (id, username, email, password_hash, full_name, geom, created_at, updated_at, deleted_at, is_trusted, is_admin, location_updated_at, location_precision_km, location_privacy_profile, location_consent, location_source, phone, exchange_contact_preference) VALUES (12, 'codex_1771155808', 'codex_1771155808@example.com', '$2b$10$k145cTGGnTdY8z0xUi3YreqDqcEugZu45zGqC61rJHCEIlwwGP.1e', NULL, NULL, '2026-02-15 12:43:28.81691+01', '2026-02-15 12:43:28.81691+01', NULL, false, false, NULL, NULL, NULL, false, NULL, NULL, 'email');
INSERT INTO public.users (id, username, email, password_hash, full_name, geom, created_at, updated_at, deleted_at, is_trusted, is_admin, location_updated_at, location_precision_km, location_privacy_profile, location_consent, location_source, phone, exchange_contact_preference) VALUES (31, 'emanuele.gallo018', 'emanuele.gallo018@demo.local', '$2b$10$znvZTCqFbbizHoCEEp5AKueqGu.MhUnOLHNs622XGoohKgc52znSC', 'Emanuele Gallo', '0101000020E6100000F2ED6C434B052D405E5D173E437B4440', '2026-02-16 23:43:25.011312+01', '2026-02-16 23:48:23.041894+01', NULL, false, false, '2026-02-16 23:48:23.041894+01', 5, 'standard', true, 'gps', NULL, 'email');
INSERT INTO public.users (id, username, email, password_hash, full_name, geom, created_at, updated_at, deleted_at, is_trusted, is_admin, location_updated_at, location_precision_km, location_privacy_profile, location_consent, location_source, phone, exchange_contact_preference) VALUES (13, 'Morwen', 'morwen@test.it', '$2b$10$Pj7U7hp/StNZRiGugSvqiOznY71RtemoHriPBdKRwc8TW/Oi9.eYS', 'Egle', '0101000020E6100000D196211C0B1A2D401910CF6B149E4240', '2026-02-15 18:22:44.868159+01', '2026-02-15 18:23:21.391374+01', NULL, false, false, '2026-02-15 18:23:20.143424+01', 5, 'standard', true, 'gps', NULL, 'email');
INSERT INTO public.users (id, username, email, password_hash, full_name, geom, created_at, updated_at, deleted_at, is_trusted, is_admin, location_updated_at, location_precision_km, location_privacy_profile, location_consent, location_source, phone, exchange_contact_preference) VALUES (32, 'giuseppe.lombardi019', 'giuseppe.lombardi019@demo.local', '$2b$10$yBryuWTkLZNkczdC4.FlvuFg78FZY530nZ7mShBiwuhu3LUnsclUq', 'Giuseppe Lombardi', '0101000020E61000004C4C3F11486C294035407A11FE0A4540', '2026-02-16 23:43:25.234591+01', '2026-02-16 23:48:23.294083+01', NULL, false, false, '2026-02-16 23:48:23.294083+01', 5, 'standard', true, 'gps', NULL, 'email');
INSERT INTO public.users (id, username, email, password_hash, full_name, geom, created_at, updated_at, deleted_at, is_trusted, is_admin, location_updated_at, location_precision_km, location_privacy_profile, location_consent, location_source, phone, exchange_contact_preference) VALUES (33, 'carmine.longo020', 'carmine.longo020@demo.local', '$2b$10$/iqu0PfOnk0Fv8eWieEbt.4s3nw5MJel0gltx4Zj/snzUxUXER0qG', 'Carmine Longo', '0101000020E61000002E0827395E572240EAD1AA21AEC54640', '2026-02-16 23:43:25.453264+01', '2026-02-16 23:48:23.54637+01', NULL, false, false, '2026-02-16 23:48:23.54637+01', 5, 'standard', true, 'gps', NULL, 'email');
INSERT INTO public.users (id, username, email, password_hash, full_name, geom, created_at, updated_at, deleted_at, is_trusted, is_admin, location_updated_at, location_precision_km, location_privacy_profile, location_consent, location_source, phone, exchange_contact_preference) VALUES (34, 'salvatore.fiore021', 'salvatore.fiore021@demo.local', '$2b$10$VHjk42bUAPjMVjXRcQWSSO7Cwfpc3BzebtezGcSnOzP0Q2fr8kAhe', 'Salvatore Fiore', '0101000020E6100000B6E175255B4D224022F49EC06EB44640', '2026-02-16 23:43:25.673973+01', '2026-02-16 23:48:23.798304+01', NULL, false, false, '2026-02-16 23:48:23.798304+01', 5, 'standard', true, 'gps', NULL, 'email');
INSERT INTO public.users (id, username, email, password_hash, full_name, geom, created_at, updated_at, deleted_at, is_trusted, is_admin, location_updated_at, location_precision_km, location_privacy_profile, location_consent, location_source, phone, exchange_contact_preference) VALUES (35, 'enrico.rinaldi022', 'enrico.rinaldi022@demo.local', '$2b$10$3bhJ19GKmGtf6.lCSZOcvOCTe5QH53Ob4uoN9rAlWBk1tBa6S7BnC', 'Enrico Rinaldi', '0101000020E6100000D2BE297FDEC22C40C668137383754440', '2026-02-16 23:43:25.892434+01', '2026-02-16 23:48:24.052798+01', NULL, false, false, '2026-02-16 23:48:24.052798+01', 5, 'standard', true, 'gps', NULL, 'email');
INSERT INTO public.users (id, username, email, password_hash, full_name, geom, created_at, updated_at, deleted_at, is_trusted, is_admin, location_updated_at, location_precision_km, location_privacy_profile, location_consent, location_source, phone, exchange_contact_preference) VALUES (36, 'nicolo.russo023', 'nicolo.russo023@demo.local', '$2b$10$XkIxBVB04rNtcAOMr//ZR.aim.r5w9vqE4IobEtuqSbRdI9S.UE2u', 'Nicolo Russo', '0101000020E6100000E87674B9D22B264052DDA656EEBF4640', '2026-02-16 23:43:26.115223+01', '2026-02-16 23:48:24.30871+01', NULL, false, false, '2026-02-16 23:48:24.30871+01', 5, 'standard', true, 'gps', NULL, 'email');
INSERT INTO public.users (id, username, email, password_hash, full_name, geom, created_at, updated_at, deleted_at, is_trusted, is_admin, location_updated_at, location_precision_km, location_privacy_profile, location_consent, location_source, phone, exchange_contact_preference) VALUES (20, 'alessandro.moretti007', 'alessandro.moretti007@demo.local', '$2b$10$a59U11ca60rPVsmUiLTQdeAqF3sJBU0C/Y0zDqjZpwPo4Hl588UYm', 'Alessandro Moretti', '0101000020E61000007E1D386744892C40CC5D4BC8076D4440', '2026-02-16 23:43:22.573734+01', '2026-02-17 00:07:20.665139+01', NULL, false, false, '2026-02-17 00:07:20.665139+01', 10, 'private', true, 'seed_fix_land_napoli', NULL, 'email');
INSERT INTO public.users (id, username, email, password_hash, full_name, geom, created_at, updated_at, deleted_at, is_trusted, is_admin, location_updated_at, location_precision_km, location_privacy_profile, location_consent, location_source, phone, exchange_contact_preference) VALUES (57, 'teresa.parisi044', 'teresa.parisi044@demo.local', '$2b$10$VKwjvFmbrmhRZ5rKaUdnqO5X4mEVWCfXGBBjdGOQbI3N1HQBLcCki', 'Teresa Parisi', '0101000020E61000003EE8D9ACFA7C2C40ACADD85F766F4440', '2026-02-16 23:43:30.73857+01', '2026-02-17 00:10:06.28766+01', NULL, false, false, '2026-02-17 00:10:06.28766+01', 10, 'private', true, 'seed_fix_golfo_napoli', NULL, 'email');
INSERT INTO public.users (id, username, email, password_hash, full_name, geom, created_at, updated_at, deleted_at, is_trusted, is_admin, location_updated_at, location_precision_km, location_privacy_profile, location_consent, location_source, phone, exchange_contact_preference) VALUES (37, 'chiara.fontana024', 'chiara.fontana024@demo.local', '$2b$10$MEAV4HypnorwY.CRcoscBOaE69CHyrMlc/vXXjps5OXAV67oGh9nm', 'Chiara Fontana', '0101000020E61000008F3C69B1F3702240BAE8A28B2EBA4640', '2026-02-16 23:43:26.339251+01', '2026-02-16 23:48:24.560865+01', NULL, false, false, '2026-02-16 23:48:24.560865+01', 5, 'standard', true, 'gps', NULL, 'email');
INSERT INTO public.users (id, username, email, password_hash, full_name, geom, created_at, updated_at, deleted_at, is_trusted, is_admin, location_updated_at, location_precision_km, location_privacy_profile, location_consent, location_source, phone, exchange_contact_preference) VALUES (14, 'francesco.costa001', 'francesco.costa001@demo.local', '$2b$10$1UImqii9fJeNjq/PCyUZb.cEBVm6pH0lA.3fVfItBeXu1T0TaHOIu', 'Francesco Costa', '0101000020E610000003780B2428FE2840166A4DF38EF34440', '2026-02-16 23:43:21.169499+01', '2026-02-17 00:30:54.673292+01', NULL, false, false, '2026-02-17 00:30:54.673292+01', 10, 'private', true, 'seed_fix_inland_v2', NULL, 'email');
INSERT INTO public.users (id, username, email, password_hash, full_name, geom, created_at, updated_at, deleted_at, is_trusted, is_admin, location_updated_at, location_precision_km, location_privacy_profile, location_consent, location_source, phone, exchange_contact_preference) VALUES (41, 'sara.farina028', 'sara.farina028@demo.local', '$2b$10$kqZ431TdRRAyyt61UNsTUOuw7ePkAzaEfyD5HLf5950QKs30tFqw2', 'Sara Farina', '0101000020E6100000B23A22D1FA262940769B5AB9FFDC4440', '2026-02-16 23:43:27.221556+01', '2026-02-16 23:48:25.55974+01', NULL, false, false, '2026-02-16 23:48:25.55974+01', 5, 'standard', true, 'gps', NULL, 'email');
INSERT INTO public.users (id, username, email, password_hash, full_name, geom, created_at, updated_at, deleted_at, is_trusted, is_admin, location_updated_at, location_precision_km, location_privacy_profile, location_consent, location_source, phone, exchange_contact_preference) VALUES (38, 'giulia.marino025', 'giulia.marino025@demo.local', '$2b$10$JLVGfcsjB058dbMHPx45wOpUAkDsuC7x7lXAHbhG7qamSbLsY5M4K', 'Giulia Marino', '0101000020E610000055C1A8A44E002940A245B6F3FDF44440', '2026-02-16 23:43:26.562222+01', '2026-02-17 00:30:54.673292+01', NULL, false, false, '2026-02-17 00:30:54.673292+01', 5, 'standard', true, 'seed_fix_inland_v2', NULL, 'email');
INSERT INTO public.users (id, username, email, password_hash, full_name, geom, created_at, updated_at, deleted_at, is_trusted, is_admin, location_updated_at, location_precision_km, location_privacy_profile, location_consent, location_source, phone, exchange_contact_preference) VALUES (42, 'elena.esposito029', 'elena.esposito029@demo.local', '$2b$10$xuHKseTjSrPKJ0HC.bX6SO1O2.N1ZNalCatBLOYpHTn1IUT52ipFu', 'Elena Esposito', '0101000020E6100000BDE3141DC9052940EE5A423EE8F14440', '2026-02-16 23:43:27.440504+01', '2026-02-17 00:30:54.673292+01', NULL, false, false, '2026-02-17 00:30:54.673292+01', 10, 'private', true, 'seed_fix_inland_v2', NULL, 'email');
INSERT INTO public.users (id, username, email, password_hash, full_name, geom, created_at, updated_at, deleted_at, is_trusted, is_admin, location_updated_at, location_precision_km, location_privacy_profile, location_consent, location_source, phone, exchange_contact_preference) VALUES (43, 'valentina.conti030', 'valentina.conti030@demo.local', '$2b$10$tTHamblh3210UvPC8Hsqv.kN/CPMMEQ6in4qt/ZEkAC038.NmIglm', 'Valentina Conti', '0101000020E610000057C8B3B38D8B26405C8314FF35EB4540', '2026-02-16 23:43:27.65887+01', '2026-02-16 23:48:26.053719+01', NULL, false, false, '2026-02-16 23:48:26.053719+01', 5, 'standard', true, 'gps', NULL, 'email');
INSERT INTO public.users (id, username, email, password_hash, full_name, geom, created_at, updated_at, deleted_at, is_trusted, is_admin, location_updated_at, location_precision_km, location_privacy_profile, location_consent, location_source, phone, exchange_contact_preference) VALUES (39, 'francesca.santoro026', 'francesca.santoro026@demo.local', '$2b$10$R.sCyPVeb0SoWWzDIrVFcOdIjUetpP54z0f.50Q2eBd9MDS7UIqum', 'Francesca Santoro', '0101000020E610000003780B2428FE2840166A4DF38EF34440', '2026-02-16 23:43:26.782781+01', '2026-02-17 15:31:03.763093+01', NULL, false, false, '2026-02-17 15:31:03.763093+01', 5, 'standard', true, 'manual_fix_land', NULL, 'email');
INSERT INTO public.users (id, username, email, password_hash, full_name, geom, created_at, updated_at, deleted_at, is_trusted, is_admin, location_updated_at, location_precision_km, location_privacy_profile, location_consent, location_source, phone, exchange_contact_preference) VALUES (44, 'alice.bruno031', 'alice.bruno031@demo.local', '$2b$10$SFVeYzMY864/KxGlsAT1.ebB/vs0YLLtpqFYfXUxc0eAz1VnrbJF6', 'Alice Bruno', '0101000020E6100000210BE47CC2FC2840D56D6AE5FEF34440', '2026-02-16 23:43:27.878812+01', '2026-02-16 23:48:26.304671+01', NULL, false, false, '2026-02-16 23:48:26.304671+01', 5, 'standard', true, 'gps', NULL, 'email');
INSERT INTO public.users (id, username, email, password_hash, full_name, geom, created_at, updated_at, deleted_at, is_trusted, is_admin, location_updated_at, location_precision_km, location_privacy_profile, location_consent, location_source, phone, exchange_contact_preference) VALUES (48, 'anna.romano035', 'anna.romano035@demo.local', '$2b$10$XrEUwnsQ9OrTRqIHlr9r0OyHl3wtJy.7.sDxerSy4Bu3nF0hnGPy2', 'Anna Romano', '0101000020E6100000E17A14AE47612240CF66D5E76ABB4640', '2026-02-16 23:43:28.759527+01', '2026-02-17 15:31:03.763093+01', NULL, false, false, '2026-02-17 15:31:03.763093+01', 5, 'standard', true, 'manual_fix_land', NULL, 'email');
INSERT INTO public.users (id, username, email, password_hash, full_name, geom, created_at, updated_at, deleted_at, is_trusted, is_admin, location_updated_at, location_precision_km, location_privacy_profile, location_consent, location_source, phone, exchange_contact_preference) VALUES (64, 'luca.bellini051', 'luca.bellini051@demo.local', '$2b$10$D.41vXxIyCKbHkBCxDoDGOSGy9aKt.EroTZruY2EQN0RsE2ObRbUq', 'Luca Bellini', '0101000020E6100000567DAEB662BF1E4054742497FF884640', '2026-02-16 23:43:32.283909+01', '2026-02-17 15:31:03.763093+01', NULL, false, false, '2026-02-17 15:31:03.763093+01', 5, 'standard', true, 'manual_fix_land', NULL, 'email');
INSERT INTO public.users (id, username, email, password_hash, full_name, geom, created_at, updated_at, deleted_at, is_trusted, is_admin, location_updated_at, location_precision_km, location_privacy_profile, location_consent, location_source, phone, exchange_contact_preference) VALUES (46, 'serena.pagano033', 'serena.pagano033@demo.local', '$2b$10$aFSzOBG90ygNo1j4XnWRsOphgvC97pxhNAeP1HrXNxSQvAUyvJynO', 'Serena Pagano', '0101000020E610000087751E78EAF02C40FE8A071244644440', '2026-02-16 23:43:28.316212+01', '2026-02-16 23:48:26.799084+01', NULL, false, false, '2026-02-16 23:48:26.799084+01', 10, 'private', true, 'gps', NULL, 'email');
INSERT INTO public.users (id, username, email, password_hash, full_name, geom, created_at, updated_at, deleted_at, is_trusted, is_admin, location_updated_at, location_precision_km, location_privacy_profile, location_consent, location_source, phone, exchange_contact_preference) VALUES (51, 'arianna.pellegrini038', 'arianna.pellegrini038@demo.local', '$2b$10$vYZxj2NkjMLFMcTIoHrNGOKREkAqd469tTg7nhY6WSkOHLZKPTZ7W', 'Arianna Pellegrini', '0101000020E6100000C574F81AF75329403D79661A3FEE4440', '2026-02-16 23:43:29.418251+01', '2026-02-16 23:48:28.030908+01', NULL, false, false, '2026-02-16 23:48:28.030908+01', 5, 'standard', true, 'gps', NULL, 'email');
INSERT INTO public.users (id, username, email, password_hash, full_name, geom, created_at, updated_at, deleted_at, is_trusted, is_admin, location_updated_at, location_precision_km, location_privacy_profile, location_consent, location_source, phone, exchange_contact_preference) VALUES (52, 'noemi.palumbo039', 'noemi.palumbo039@demo.local', '$2b$10$fHwTSlhve/9u4yw.6DnXn.x4QPjjB8bhg39wkKMjyN3l7YGXsrGeq', 'Noemi Palumbo', '0101000020E6100000284C2E2E6F0729400557727B7EFF4440', '2026-02-16 23:43:29.6369+01', '2026-02-16 23:48:28.276727+01', NULL, false, false, '2026-02-16 23:48:28.276727+01', 5, 'standard', true, 'gps', NULL, 'email');
INSERT INTO public.users (id, username, email, password_hash, full_name, geom, created_at, updated_at, deleted_at, is_trusted, is_admin, location_updated_at, location_precision_km, location_privacy_profile, location_consent, location_source, phone, exchange_contact_preference) VALUES (53, 'federica.rossi040', 'federica.rossi040@demo.local', '$2b$10$HTsCgj.RWwiM6dIUSyiAkePPe78M4kY1a8vtj4VehLzzXSPlfGqZS', 'Federica Rossi', '0101000020E61000009C5F2D57E47429403D79661A3FEE4440', '2026-02-16 23:43:29.856554+01', '2026-02-16 23:48:28.523073+01', NULL, false, false, '2026-02-16 23:48:28.523073+01', 5, 'standard', true, 'gps', NULL, 'email');
INSERT INTO public.users (id, username, email, password_hash, full_name, geom, created_at, updated_at, deleted_at, is_trusted, is_admin, location_updated_at, location_precision_km, location_privacy_profile, location_consent, location_source, phone, exchange_contact_preference) VALUES (54, 'alessia.costa041', 'alessia.costa041@demo.local', '$2b$10$pN/dSnKYSMd2nRiWMa4jauVvrwYw01ymRtd7VTJwDvxLpt459loSG', 'Alessia Costa', '0101000020E61000007DE490C725E82C405E5D173E437B4440', '2026-02-16 23:43:30.075702+01', '2026-02-16 23:48:28.770822+01', NULL, false, false, '2026-02-16 23:48:28.770822+01', 5, 'standard', true, 'gps', NULL, 'email');
INSERT INTO public.users (id, username, email, password_hash, full_name, geom, created_at, updated_at, deleted_at, is_trusted, is_admin, location_updated_at, location_precision_km, location_privacy_profile, location_consent, location_source, phone, exchange_contact_preference) VALUES (55, 'giorgia.barbieri042', 'giorgia.barbieri042@demo.local', '$2b$10$E5CKcoloC1pCmSUGRWg81uDOj4E3kmLyhT1d1dqdUI/HMeSnLP3Yq', 'Giorgia Barbieri', '0101000020E610000032F5C731B65629403D79661A3FEE4440', '2026-02-16 23:43:30.297992+01', '2026-02-16 23:48:29.015741+01', NULL, false, false, '2026-02-16 23:48:29.015741+01', 10, 'private', true, 'gps', NULL, 'email');
INSERT INTO public.users (id, username, email, password_hash, full_name, geom, created_at, updated_at, deleted_at, is_trusted, is_admin, location_updated_at, location_precision_km, location_privacy_profile, location_consent, location_source, phone, exchange_contact_preference) VALUES (56, 'maria.vitale043', 'maria.vitale043@demo.local', '$2b$10$IqRKeKpH3YKjHyGiifXKM.4eQsK5zgKqKuK2SUCmZCmv6TJaQQRfe', 'Maria Vitale', '0101000020E6100000386E9CD6ADD03040BE2F276A42924440', '2026-02-16 23:43:30.518231+01', '2026-02-16 23:48:29.260912+01', NULL, false, false, '2026-02-16 23:48:29.260912+01', 10, 'private', true, 'gps', NULL, 'email');
INSERT INTO public.users (id, username, email, password_hash, full_name, geom, created_at, updated_at, deleted_at, is_trusted, is_admin, location_updated_at, location_precision_km, location_privacy_profile, location_consent, location_source, phone, exchange_contact_preference) VALUES (58, 'claudia.sanna045', 'claudia.sanna045@demo.local', '$2b$10$nZ0KD9sSPJ.mHs5cZbzfEu.sJNanav9zPb7ZoyMarZMw5fm4KM9E6', 'Claudia Sanna', '0101000020E61000004747C6576CC628400557727B7EFF4440', '2026-02-16 23:43:30.964425+01', '2026-02-16 23:48:29.754665+01', NULL, false, false, '2026-02-16 23:48:29.754665+01', 5, 'standard', true, 'gps', NULL, 'email');
INSERT INTO public.users (id, username, email, password_hash, full_name, geom, created_at, updated_at, deleted_at, is_trusted, is_admin, location_updated_at, location_precision_km, location_privacy_profile, location_consent, location_source, phone, exchange_contact_preference) VALUES (59, 'paola.ferrari046', 'paola.ferrari046@demo.local', '$2b$10$Ajy5./7Kb16vq/SOYSDkc.a9ewA7BOPCfvpALTWksZhklYBvSPMsa', 'Paola Ferrari', '0101000020E61000000581B0D2041829403D79661A3FEE4440', '2026-02-16 23:43:31.184024+01', '2026-02-16 23:48:30.000214+01', NULL, false, false, '2026-02-16 23:48:30.000214+01', 5, 'standard', true, 'gps', NULL, 'email');
INSERT INTO public.users (id, username, email, password_hash, full_name, geom, created_at, updated_at, deleted_at, is_trusted, is_admin, location_updated_at, location_precision_km, location_privacy_profile, location_consent, location_source, phone, exchange_contact_preference) VALUES (60, 'elisa.moretti047', 'elisa.moretti047@demo.local', '$2b$10$orNAAIXHdXGq93PoT3tkSuet77PcwoJ37xd1nkyvtuvjNrH8Ap28W', 'Elisa Moretti', '0101000020E610000058ACE0083F4B29400D905E84BFE24440', '2026-02-16 23:43:31.404027+01', '2026-02-16 23:48:30.246037+01', NULL, false, false, '2026-02-16 23:48:30.246037+01', 5, 'standard', true, 'gps', NULL, 'email');
INSERT INTO public.users (id, username, email, password_hash, full_name, geom, created_at, updated_at, deleted_at, is_trusted, is_admin, location_updated_at, location_precision_km, location_privacy_profile, location_consent, location_source, phone, exchange_contact_preference) VALUES (61, 'gianni.greco048', 'gianni.greco048@demo.local', '$2b$10$wPsRP4qQZ7f.maQHjM7RHuKFvcF9hU/fHgQ9/VUr1xrhjm.2RXZVG', 'Gianni Greco', '0101000020E6100000B3078501C4BE2C402E740FA8C36F4440', '2026-02-16 23:43:31.623667+01', '2026-02-16 23:48:30.492888+01', NULL, false, false, '2026-02-16 23:48:30.492888+01', 5, 'standard', true, 'gps', NULL, 'email');
INSERT INTO public.users (id, username, email, password_hash, full_name, geom, created_at, updated_at, deleted_at, is_trusted, is_admin, location_updated_at, location_precision_km, location_privacy_profile, location_consent, location_source, phone, exchange_contact_preference) VALUES (62, 'francesco.gentile049', 'francesco.gentile049@demo.local', '$2b$10$ZNDRB5ZtghNuO4zeQrd5U.UsctyDOJ2jeGHwE7ElE8snoapGk8Rf6', 'Francesco Gentile', '0101000020E6100000F792A49C06FE2840D56D6AE5FEF34440', '2026-02-16 23:43:31.84453+01', '2026-02-16 23:48:30.736168+01', NULL, false, false, '2026-02-16 23:48:30.736168+01', 5, 'standard', true, 'gps', NULL, 'email');
INSERT INTO public.users (id, username, email, password_hash, full_name, geom, created_at, updated_at, deleted_at, is_trusted, is_admin, location_updated_at, location_precision_km, location_privacy_profile, location_consent, location_source, phone, exchange_contact_preference) VALUES (65, 'matteo.bianchi052', 'matteo.bianchi052@demo.local', '$2b$10$Q3R3Cn5s7yDQ0/jX3x0I9uDLt0K/DYSfHY6ro4dNj1vIEW6NNjrwG', 'Matteo Bianchi', '0101000020E6100000C989F216149F2C402E740FA8C36F4440', '2026-02-16 23:43:32.505875+01', '2026-02-16 23:48:31.473751+01', NULL, false, false, '2026-02-16 23:48:31.473751+01', 5, 'standard', true, 'gps', NULL, 'email');
INSERT INTO public.users (id, username, email, password_hash, full_name, geom, created_at, updated_at, deleted_at, is_trusted, is_admin, location_updated_at, location_precision_km, location_privacy_profile, location_consent, location_source, phone, exchange_contact_preference) VALUES (40, 'martina.silvestri027', 'martina.silvestri027@demo.local', '$2b$10$Fk0j3pXN006y/WMSXuJiueIDYwkfN26ktemlGKPjeYs0KyGycsciG', 'Martina Silvestri', '0101000020E6100000AED85F764F7E2C40DDB5847CD06B4440', '2026-02-16 23:43:27.001827+01', '2026-02-17 00:07:20.665139+01', NULL, false, false, '2026-02-17 00:07:20.665139+01', 5, 'standard', true, 'seed_fix_land_napoli', NULL, 'email');
INSERT INTO public.users (id, username, email, password_hash, full_name, geom, created_at, updated_at, deleted_at, is_trusted, is_admin, location_updated_at, location_precision_km, location_privacy_profile, location_consent, location_source, phone, exchange_contact_preference) VALUES (45, 'ilaria.coppola032', 'ilaria.coppola032@demo.local', '$2b$10$pTa4qWc6w2tfnJf.zKBUtOk7U/62JzGpSmbR68yF/F52jOwPhaOnq', 'Ilaria Coppola', '0101000020E6100000C0EC9E3C2C742C4058A835CD3B6E4440', '2026-02-16 23:43:28.097595+01', '2026-02-17 00:07:20.665139+01', NULL, false, false, '2026-02-17 00:07:20.665139+01', 10, 'private', true, 'seed_fix_land_napoli', NULL, 'email');
INSERT INTO public.users (id, username, email, password_hash, full_name, geom, created_at, updated_at, deleted_at, is_trusted, is_admin, location_updated_at, location_precision_km, location_privacy_profile, location_consent, location_source, phone, exchange_contact_preference) VALUES (81, 'carmine.farina068', 'carmine.farina068@demo.local', '$2b$10$T2T7UFrI1fsRTOMdH5CB8O/NmxxPH2ULWFHT5xIRznm0fPGXuoyjy', 'Carmine Farina', '0101000020E6100000AED85F764F7E2C40DDB5847CD06B4440', '2026-02-16 23:43:36.01722+01', '2026-02-17 00:10:06.28766+01', NULL, false, false, '2026-02-17 00:10:06.28766+01', 10, 'private', true, 'seed_fix_golfo_napoli', NULL, 'email');
INSERT INTO public.users (id, username, email, password_hash, full_name, geom, created_at, updated_at, deleted_at, is_trusted, is_admin, location_updated_at, location_precision_km, location_privacy_profile, location_consent, location_source, phone, exchange_contact_preference) VALUES (67, 'andrea.rizzo054', 'andrea.rizzo054@demo.local', '$2b$10$Uc3Yny.Y8guJ9/S7DrGM6OrAYoWwXf7/yRPRIDYqgJDdyIDQrReRG', 'Andrea Rizzo', '0101000020E6100000166F1BEA402929409D4B76463E054540', '2026-02-16 23:43:32.947688+01', '2026-02-16 23:48:31.963409+01', NULL, false, false, '2026-02-16 23:48:31.963409+01', 10, 'private', true, 'gps', NULL, 'email');
INSERT INTO public.users (id, username, email, password_hash, full_name, geom, created_at, updated_at, deleted_at, is_trusted, is_admin, location_updated_at, location_precision_km, location_privacy_profile, location_consent, location_source, phone, exchange_contact_preference) VALUES (68, 'alessandro.d.amico055', 'alessandro.d.amico055@demo.local', '$2b$10$Xke29SyAP/fJND7bQQxPG.6gKdBGd1IUXw2miVfM532RCySZTudSi', 'Alessandro D Amico', '0101000020E6100000416E61C351552C408E461FD4C2864440', '2026-02-16 23:43:33.167503+01', '2026-02-16 23:48:32.209211+01', NULL, false, false, '2026-02-16 23:48:32.209211+01', 10, 'private', true, 'gps', NULL, 'email');
INSERT INTO public.users (id, username, email, password_hash, full_name, geom, created_at, updated_at, deleted_at, is_trusted, is_admin, location_updated_at, location_precision_km, location_privacy_profile, location_consent, location_source, phone, exchange_contact_preference) VALUES (69, 'federico.messina056', 'federico.messina056@demo.local', '$2b$10$j./iARk9R8Q4jjRie.mKw.VwcvpsD70Iqhlk0xgvRoT74ze3E2RTS', 'Federico Messina', '0101000020E610000029BA78ABF04929400D905E84BFE24440', '2026-02-16 23:43:33.384938+01', '2026-02-16 23:48:32.458326+01', NULL, false, false, '2026-02-16 23:48:32.458326+01', 10, 'private', true, 'gps', NULL, 'email');
INSERT INTO public.users (id, username, email, password_hash, full_name, geom, created_at, updated_at, deleted_at, is_trusted, is_admin, location_updated_at, location_precision_km, location_privacy_profile, location_consent, location_source, phone, exchange_contact_preference) VALUES (70, 'lorenzo.ferri057', 'lorenzo.ferri057@demo.local', '$2b$10$bsiwtemRyOc/uqv1JJC.GO0uMJnP1g3UjlQq.887E5cVge6uIl2/.', 'Lorenzo Ferri', '0101000020E6100000E561A1D634DF3040492EFF21FD8E4440', '2026-02-16 23:43:33.60636+01', '2026-02-17 00:30:54.673292+01', NULL, false, false, '2026-02-17 00:30:54.673292+01', 5, 'standard', true, 'seed_fix_inland_v2', NULL, 'email');
INSERT INTO public.users (id, username, email, password_hash, full_name, geom, created_at, updated_at, deleted_at, is_trusted, is_admin, location_updated_at, location_precision_km, location_privacy_profile, location_consent, location_source, phone, exchange_contact_preference) VALUES (71, 'michele.gallo058', 'michele.gallo058@demo.local', '$2b$10$OaIum0V6TUEDcPwnUQnEsuAzTFfhhSuz08dZ2ceFiMWAmBNzZURbu', 'Michele Gallo', '0101000020E6100000CB1D533ACF922C408E461FD4C2864440', '2026-02-16 23:43:33.824368+01', '2026-02-16 23:48:32.95148+01', NULL, false, false, '2026-02-16 23:48:32.95148+01', 10, 'private', true, 'gps', NULL, 'email');
INSERT INTO public.users (id, username, email, password_hash, full_name, geom, created_at, updated_at, deleted_at, is_trusted, is_admin, location_updated_at, location_precision_km, location_privacy_profile, location_consent, location_source, phone, exchange_contact_preference) VALUES (76, 'paolo.russo063', 'paolo.russo063@demo.local', '$2b$10$PbOQEIj.XoqjOExm2LFHpOfCjffCFkuCgfNN/ZFmz/gz3GWvs.Q42', 'Paolo Russo', '0101000020E610000003780B2428FE2840166A4DF38EF34440', '2026-02-16 23:43:34.92057+01', '2026-02-17 00:30:54.673292+01', NULL, false, false, '2026-02-17 00:30:54.673292+01', 10, 'private', true, 'seed_fix_inland_v2', NULL, 'email');
INSERT INTO public.users (id, username, email, password_hash, full_name, geom, created_at, updated_at, deleted_at, is_trusted, is_admin, location_updated_at, location_precision_km, location_privacy_profile, location_consent, location_source, phone, exchange_contact_preference) VALUES (72, 'gabriele.lombardi059', 'gabriele.lombardi059@demo.local', '$2b$10$OozS.tLh38Vf9bInj4IqUeorWWXS3jYI0GAlh6LX8q90ewpnI0seq', 'Gabriele Lombardi', '0101000020E6100000C8CFB234B2BA2C40967F0BDD036A4440', '2026-02-16 23:43:34.044675+01', '2026-02-16 23:48:33.197014+01', NULL, false, false, '2026-02-16 23:48:33.197014+01', 5, 'standard', true, 'gps', NULL, 'email');
INSERT INTO public.users (id, username, email, password_hash, full_name, geom, created_at, updated_at, deleted_at, is_trusted, is_admin, location_updated_at, location_precision_km, location_privacy_profile, location_consent, location_source, phone, exchange_contact_preference) VALUES (94, 'serena.costa081', 'serena.costa081@demo.local', '$2b$10$dyY7D1wfRB3D5juqI9RjqeHgyBXpCop1DC1L9k./AzfX7g3FDp20a', 'Serena Costa', '0101000020E6100000EFC9C342ADD9304039D6C56D34904440', '2026-02-16 23:43:38.872155+01', '2026-02-17 00:30:54.673292+01', NULL, false, false, '2026-02-17 00:30:54.673292+01', 5, 'standard', true, 'seed_fix_inland_v2', NULL, 'email');
INSERT INTO public.users (id, username, email, password_hash, full_name, geom, created_at, updated_at, deleted_at, is_trusted, is_admin, location_updated_at, location_precision_km, location_privacy_profile, location_consent, location_source, phone, exchange_contact_preference) VALUES (73, 'simone.longo060', 'simone.longo060@demo.local', '$2b$10$mCP.hvxoHq7zsRzzrZ60aOju4.8/FdqnYkQ4DsVXKJrVIxHdX4yRO', 'Simone Longo', '0101000020E6100000A7459CF0B2AA28409D4B76463E054540', '2026-02-16 23:43:34.264927+01', '2026-02-16 23:48:33.443515+01', NULL, false, false, '2026-02-16 23:48:33.443515+01', 10, 'private', true, 'gps', NULL, 'email');
INSERT INTO public.users (id, username, email, password_hash, full_name, geom, created_at, updated_at, deleted_at, is_trusted, is_admin, location_updated_at, location_precision_km, location_privacy_profile, location_consent, location_source, phone, exchange_contact_preference) VALUES (95, 'marta.barbieri082', 'marta.barbieri082@demo.local', '$2b$10$f4L3dp4pKrLm38ob0PAe7uCYrZZDjJaoUcgrrTiH0UPxNei.uJwNu', 'Marta Barbieri', '0101000020E61000007E1D386744892C40CC5D4BC8076D4440', '2026-02-16 23:43:39.091298+01', '2026-02-17 15:31:03.763093+01', NULL, false, false, '2026-02-17 15:31:03.763093+01', 5, 'standard', true, 'manual_fix_land', NULL, 'email');
INSERT INTO public.users (id, username, email, password_hash, full_name, geom, created_at, updated_at, deleted_at, is_trusted, is_admin, location_updated_at, location_precision_km, location_privacy_profile, location_consent, location_source, phone, exchange_contact_preference) VALUES (74, 'stefano.fiore061', 'stefano.fiore061@demo.local', '$2b$10$a0SL.A1EPeWKtfuxQ8ij7OuaDmMVltmLMd8uS6zia.r.sdm1MOIUW', 'Stefano Fiore', '0101000020E6100000A3D1F153545829403D79661A3FEE4440', '2026-02-16 23:43:34.483444+01', '2026-02-16 23:48:33.691786+01', NULL, false, false, '2026-02-16 23:48:33.691786+01', 10, 'private', true, 'gps', NULL, 'email');
INSERT INTO public.users (id, username, email, password_hash, full_name, geom, created_at, updated_at, deleted_at, is_trusted, is_admin, location_updated_at, location_precision_km, location_privacy_profile, location_consent, location_source, phone, exchange_contact_preference) VALUES (82, 'salvatore.esposito069', 'salvatore.esposito069@demo.local', '$2b$10$3z5cz6oUFaXgYaRNAN4pcuLrk6R/MJ6JXQzYxVMVydWmU2dD5fCAy', 'Salvatore Esposito', '0101000020E61000001D38674469AF26402C6519E2583F4640', '2026-02-16 23:43:36.238173+01', '2026-02-17 15:31:03.763093+01', NULL, false, false, '2026-02-17 15:31:03.763093+01', 5, 'standard', true, 'manual_fix_land', NULL, 'email');
INSERT INTO public.users (id, username, email, password_hash, full_name, geom, created_at, updated_at, deleted_at, is_trusted, is_admin, location_updated_at, location_precision_km, location_privacy_profile, location_consent, location_source, phone, exchange_contact_preference) VALUES (75, 'antonio.rinaldi062', 'antonio.rinaldi062@demo.local', '$2b$10$iM/8vfnGmwEzkTTn6lBOqObYZixfh0MH27.WDolDT22AtCViQ2R7e', 'Antonio Rinaldi', '0101000020E610000013325E6C026429400557727B7EFF4440', '2026-02-16 23:43:34.702808+01', '2026-02-16 23:48:33.937726+01', NULL, false, false, '2026-02-16 23:48:33.937726+01', 5, 'standard', true, 'gps', NULL, 'email');
INSERT INTO public.users (id, username, email, password_hash, full_name, geom, created_at, updated_at, deleted_at, is_trusted, is_admin, location_updated_at, location_precision_km, location_privacy_profile, location_consent, location_source, phone, exchange_contact_preference) VALUES (77, 'riccardo.fontana064', 'riccardo.fontana064@demo.local', '$2b$10$gxb/hrcpoQjZQSTRuwj/j.ASA4Vc6.4jUYgSBJy8tgrmxhzXJ2Bja', 'Riccardo Fontana', '0101000020E610000093DD108556D22C40FE8A071244644440', '2026-02-16 23:43:35.140081+01', '2026-02-16 23:48:34.432445+01', NULL, false, false, '2026-02-16 23:48:34.432445+01', 5, 'standard', true, 'gps', NULL, 'email');
INSERT INTO public.users (id, username, email, password_hash, full_name, geom, created_at, updated_at, deleted_at, is_trusted, is_admin, location_updated_at, location_precision_km, location_privacy_profile, location_consent, location_source, phone, exchange_contact_preference) VALUES (79, 'emanuele.santoro066', 'emanuele.santoro066@demo.local', '$2b$10$Wrpl1GZ1C5v/Bn3F2mod1.Wt5yiEcF6FDveyrIfdea8IplkBebwNe', 'Emanuele Santoro', '0101000020E61000009D7AEBF83C4D2C405E5D173E437B4440', '2026-02-16 23:43:35.578124+01', '2026-02-16 23:48:34.923314+01', NULL, false, false, '2026-02-16 23:48:34.923314+01', 10, 'private', true, 'gps', NULL, 'email');
INSERT INTO public.users (id, username, email, password_hash, full_name, geom, created_at, updated_at, deleted_at, is_trusted, is_admin, location_updated_at, location_precision_km, location_privacy_profile, location_consent, location_source, phone, exchange_contact_preference) VALUES (80, 'giuseppe.silvestri067', 'giuseppe.silvestri067@demo.local', '$2b$10$Kv0VHuwd71Sn5ebyDmrAueA0zawjnoJgQTkbKDjEphCaHz5sUKCK2', 'Giuseppe Silvestri', '0101000020E61000009828EF9C59152240EAD1AA21AEC54640', '2026-02-16 23:43:35.798478+01', '2026-02-16 23:48:35.168226+01', NULL, false, false, '2026-02-16 23:48:35.168226+01', 5, 'standard', true, 'gps', NULL, 'email');
INSERT INTO public.users (id, username, email, password_hash, full_name, geom, created_at, updated_at, deleted_at, is_trusted, is_admin, location_updated_at, location_precision_km, location_privacy_profile, location_consent, location_source, phone, exchange_contact_preference) VALUES (83, 'enrico.conti070', 'enrico.conti070@demo.local', '$2b$10$kLwY2Mb8ePfIDlSMCdU8PeRTFbwQLljxiaFWTnCwxcUxoA78t78O6', 'Enrico Conti', '0101000020E6100000D50B636A620522408BFF9AF5AEAE4640', '2026-02-16 23:43:36.455538+01', '2026-02-16 23:48:35.908833+01', NULL, false, false, '2026-02-16 23:48:35.908833+01', 5, 'standard', true, 'gps', NULL, 'email');
INSERT INTO public.users (id, username, email, password_hash, full_name, geom, created_at, updated_at, deleted_at, is_trusted, is_admin, location_updated_at, location_precision_km, location_privacy_profile, location_consent, location_source, phone, exchange_contact_preference) VALUES (84, 'nicolo.bruno071', 'nicolo.bruno071@demo.local', '$2b$10$PcdRGwIWOYVAsHCuvkrnA.3FkG/Kjmhl3TX.4CS9rElJM3f167R4u', 'Nicolo Bruno', '0101000020E6100000854375D1B7FA2840D56D6AE5FEF34440', '2026-02-16 23:43:36.673974+01', '2026-02-16 23:48:36.155242+01', NULL, false, false, '2026-02-16 23:48:36.155242+01', 5, 'standard', true, 'gps', NULL, 'email');
INSERT INTO public.users (id, username, email, password_hash, full_name, geom, created_at, updated_at, deleted_at, is_trusted, is_admin, location_updated_at, location_precision_km, location_privacy_profile, location_consent, location_source, phone, exchange_contact_preference) VALUES (85, 'chiara.coppola072', 'chiara.coppola072@demo.local', '$2b$10$EpjTy95oHd4LIGYM/jP/VOUogIlp8U6iC8YAjSvVJ60VzbSec8nlm', 'Chiara Coppola', '0101000020E61000000EEEE730E36526402C9A0C69B6DF4540', '2026-02-16 23:43:36.891024+01', '2026-02-16 23:48:36.40353+01', NULL, false, false, '2026-02-16 23:48:36.40353+01', 10, 'private', true, 'gps', NULL, 'email');
INSERT INTO public.users (id, username, email, password_hash, full_name, geom, created_at, updated_at, deleted_at, is_trusted, is_admin, location_updated_at, location_precision_km, location_privacy_profile, location_consent, location_source, phone, exchange_contact_preference) VALUES (87, 'francesca.leone074', 'francesca.leone074@demo.local', '$2b$10$5iB0ETXZ3PGC3I623pNLX.UCbZ4oZqNYamtMdxhSJYerSXyzx45zW', 'Francesca Leone', '0101000020E6100000824BA9EE2EB02640DBCC53AF32474640', '2026-02-16 23:43:37.329953+01', '2026-02-16 23:48:36.89406+01', NULL, false, false, '2026-02-16 23:48:36.89406+01', 5, 'standard', true, 'gps', NULL, 'email');
INSERT INTO public.users (id, username, email, password_hash, full_name, geom, created_at, updated_at, deleted_at, is_trusted, is_admin, location_updated_at, location_precision_km, location_privacy_profile, location_consent, location_source, phone, exchange_contact_preference) VALUES (88, 'martina.romano075', 'martina.romano075@demo.local', '$2b$10$NTMx9GPWFLOzx7moBNAB4ug23461.eOlewZ8ATsIhgA4tz2mQSTRu', 'Martina Romano', '0101000020E6100000CD41F91488F72D4079E2DE9713B54240', '2026-02-16 23:43:37.548452+01', '2026-02-16 23:48:37.141142+01', NULL, false, false, '2026-02-16 23:48:37.141142+01', 5, 'standard', true, 'gps', NULL, 'email');
INSERT INTO public.users (id, username, email, password_hash, full_name, geom, created_at, updated_at, deleted_at, is_trusted, is_admin, location_updated_at, location_precision_km, location_privacy_profile, location_consent, location_source, phone, exchange_contact_preference) VALUES (89, 'sara.mancini076', 'sara.mancini076@demo.local', '$2b$10$mgTSM2wyh1mRWK/O1Xq/2Oqkn3qg4Un5lG.bIxcK4utTAqX84NTHy', 'Sara Mancini', '0101000020E610000025FE0E3789942C408E461FD4C2864440', '2026-02-16 23:43:37.768195+01', '2026-02-16 23:48:37.38578+01', NULL, false, false, '2026-02-16 23:48:37.38578+01', 10, 'private', true, 'gps', NULL, 'email');
INSERT INTO public.users (id, username, email, password_hash, full_name, geom, created_at, updated_at, deleted_at, is_trusted, is_admin, location_updated_at, location_precision_km, location_privacy_profile, location_consent, location_source, phone, exchange_contact_preference) VALUES (90, 'elena.caruso077', 'elena.caruso077@demo.local', '$2b$10$OqB6WwSEvhSGUpkWOTvtqu5abF..uLF0pTgsyrxnwOD3ggakjqYIK', 'Elena Caruso', '0101000020E610000006F0E999192E2940CD347EDCBD104540', '2026-02-16 23:43:37.988726+01', '2026-02-16 23:48:37.629447+01', NULL, false, false, '2026-02-16 23:48:37.629447+01', 10, 'private', true, 'gps', NULL, 'email');
INSERT INTO public.users (id, username, email, password_hash, full_name, geom, created_at, updated_at, deleted_at, is_trusted, is_admin, location_updated_at, location_precision_km, location_privacy_profile, location_consent, location_source, phone, exchange_contact_preference) VALUES (91, 'valentina.pellegrini078', 'valentina.pellegrini078@demo.local', '$2b$10$voUHavpSrsEjvydBycBH5uJQlUL/.ns4DgjpewiitR8EP9M6NcXnW', 'Valentina Pellegrini', '0101000020E6100000FE6D864B7E9E2C40967F0BDD036A4440', '2026-02-16 23:43:38.20825+01', '2026-02-16 23:48:37.876224+01', NULL, false, false, '2026-02-16 23:48:37.876224+01', 5, 'standard', true, 'gps', NULL, 'email');
INSERT INTO public.users (id, username, email, password_hash, full_name, geom, created_at, updated_at, deleted_at, is_trusted, is_admin, location_updated_at, location_precision_km, location_privacy_profile, location_consent, location_source, phone, exchange_contact_preference) VALUES (92, 'alice.palumbo079', 'alice.palumbo079@demo.local', '$2b$10$Vj2OqZowPqUCvKPqPu22D.hZeCa6x9nBrnmHOt2WhDP69u2LZsI0C', 'Alice Palumbo', '0101000020E6100000DCB92757385229403D79661A3FEE4440', '2026-02-16 23:43:38.427767+01', '2026-02-16 23:48:38.120677+01', NULL, false, false, '2026-02-16 23:48:38.120677+01', 10, 'private', true, 'gps', NULL, 'email');
INSERT INTO public.users (id, username, email, password_hash, full_name, geom, created_at, updated_at, deleted_at, is_trusted, is_admin, location_updated_at, location_precision_km, location_privacy_profile, location_consent, location_source, phone, exchange_contact_preference) VALUES (47, 'marta.leone034', 'marta.leone034@demo.local', '$2b$10$X7voIuqDMC5KPnT6ftwH5OZGNn.VZc/i4h/qfWwVGbLar9mAnAmua', 'Marta Leone', '0101000020E61000003EE8D9ACFA7C2C40ACADD85F766F4440', '2026-02-16 23:43:28.537493+01', '2026-02-17 00:07:20.665139+01', NULL, false, false, '2026-02-17 00:07:20.665139+01', 5, 'standard', true, 'seed_fix_land_napoli', NULL, 'email');
INSERT INTO public.users (id, username, email, password_hash, full_name, geom, created_at, updated_at, deleted_at, is_trusted, is_admin, location_updated_at, location_precision_km, location_privacy_profile, location_consent, location_source, phone, exchange_contact_preference) VALUES (49, 'laura.mancini036', 'laura.mancini036@demo.local', '$2b$10$9K1MqUP3lrEbFWNX//SkA.aHsvWShOOarF7vXxYMEC1q7P/DDJO8W', 'Laura Mancini', '0101000020E61000007FD93D7958882C40462575029A704440', '2026-02-16 23:43:28.979877+01', '2026-02-17 00:07:20.665139+01', NULL, false, false, '2026-02-17 00:07:20.665139+01', 5, 'standard', true, 'seed_fix_land_napoli', NULL, 'email');
INSERT INTO public.users (id, username, email, password_hash, full_name, geom, created_at, updated_at, deleted_at, is_trusted, is_admin, location_updated_at, location_precision_km, location_privacy_profile, location_consent, location_source, phone, exchange_contact_preference) VALUES (78, 'roberto.marino065', 'roberto.marino065@demo.local', '$2b$10$clLLctPzgDK3hsWZn1BkEezlP/vdNWDOYXBPf6AA8wWEZ3zuycZB6', 'Roberto Marino', '0101000020E610000074B515FBCB8E2C402497FF907E6B4440', '2026-02-16 23:43:35.358379+01', '2026-02-17 00:07:20.665139+01', NULL, false, false, '2026-02-17 00:07:20.665139+01', 5, 'standard', true, 'seed_fix_land_napoli', NULL, 'email');
INSERT INTO public.users (id, username, email, password_hash, full_name, geom, created_at, updated_at, deleted_at, is_trusted, is_admin, location_updated_at, location_precision_km, location_privacy_profile, location_consent, location_source, phone, exchange_contact_preference) VALUES (86, 'giulia.pagano073', 'giulia.pagano073@demo.local', '$2b$10$gdgNJkFsz0/.u3brdXORHuyEzH34nt/OcFe5Y62JKh7Gzo7kR6mTy', 'Giulia Pagano', '0101000020E610000029CB10C7BA782C40EFC9C342AD714440', '2026-02-16 23:43:37.110985+01', '2026-02-17 00:07:20.665139+01', NULL, false, false, '2026-02-17 00:07:20.665139+01', 10, 'private', true, 'seed_fix_land_napoli', NULL, 'email');
INSERT INTO public.users (id, username, email, password_hash, full_name, geom, created_at, updated_at, deleted_at, is_trusted, is_admin, location_updated_at, location_precision_km, location_privacy_profile, location_consent, location_source, phone, exchange_contact_preference) VALUES (93, 'ilaria.rossi080', 'ilaria.rossi080@demo.local', '$2b$10$Vest06KsFZ9jonatuIfLwOxBsirId8j0BRg/wAv.YmTESvYgG68jW', 'Ilaria Rossi', '0101000020E610000054E3A59BC4802C40B5A679C7296A4440', '2026-02-16 23:43:38.652721+01', '2026-02-17 00:07:20.665139+01', NULL, false, false, '2026-02-17 00:07:20.665139+01', 5, 'standard', true, 'seed_fix_land_napoli', NULL, 'email');
INSERT INTO public.users (id, username, email, password_hash, full_name, geom, created_at, updated_at, deleted_at, is_trusted, is_admin, location_updated_at, location_precision_km, location_privacy_profile, location_consent, location_source, phone, exchange_contact_preference) VALUES (108, 'elisa.d.amico095', 'elisa.d.amico095@demo.local', '$2b$10$dBGK33gsKTkaEs.lHQCyP.vDAtlfrecqdusDm2UbDPanlKbnuR6Be', 'Elisa D Amico', '0101000020E6100000C0EC9E3C2C942C40A1F831E6AE6D4440', '2026-02-16 23:43:41.942433+01', '2026-02-17 00:07:20.665139+01', NULL, false, false, '2026-02-17 00:07:20.665139+01', 5, 'standard', true, 'seed_fix_land_napoli', NULL, 'email');
INSERT INTO public.users (id, username, email, password_hash, full_name, geom, created_at, updated_at, deleted_at, is_trusted, is_admin, location_updated_at, location_precision_km, location_privacy_profile, location_consent, location_source, phone, exchange_contact_preference) VALUES (97, 'laura.parisi084', 'laura.parisi084@demo.local', '$2b$10$UikWpW.7tGMhYLhMP7S.POHEdmGWbUwkV9Wd7R6DQB0cbjqPKN4U.', 'Laura Parisi', '0101000020E61000007FD93D7958882C40462575029A704440', '2026-02-16 23:43:39.530187+01', '2026-02-17 00:30:54.673292+01', NULL, false, false, '2026-02-17 00:30:54.673292+01', 5, 'standard', true, 'seed_fix_inland_v2', NULL, 'email');
INSERT INTO public.users (id, username, email, password_hash, full_name, geom, created_at, updated_at, deleted_at, is_trusted, is_admin, location_updated_at, location_precision_km, location_privacy_profile, location_consent, location_source, phone, exchange_contact_preference) VALUES (103, 'giorgia.martini090', 'giorgia.martini090@demo.local', '$2b$10$wMLvZgy6GBad/arNg7SNeeaFEZHWJ2EKogUN0lt12KdF9/H2lmcR.', 'Giorgia Martini', '0101000020E610000055C1A8A44E002940A245B6F3FDF44440', '2026-02-16 23:43:40.848484+01', '2026-02-17 00:30:54.673292+01', NULL, false, false, '2026-02-17 00:30:54.673292+01', 5, 'standard', true, 'seed_fix_inland_v2', NULL, 'email');
INSERT INTO public.users (id, username, email, password_hash, full_name, geom, created_at, updated_at, deleted_at, is_trusted, is_admin, location_updated_at, location_precision_km, location_privacy_profile, location_consent, location_source, phone, exchange_contact_preference) VALUES (104, 'maria.bellini091', 'maria.bellini091@demo.local', '$2b$10$UPvTP6kWPaRuOO41t6nuY.CTA3Q.TMxM1A6GAgJzOSQcBwtKkY186', 'Maria Bellini', '0101000020E610000029CB10C7BA782C40EFC9C342AD714440', '2026-02-16 23:43:41.068126+01', '2026-02-17 00:30:54.673292+01', NULL, false, false, '2026-02-17 00:30:54.673292+01', 10, 'private', true, 'seed_fix_inland_v2', NULL, 'email');
INSERT INTO public.users (id, username, email, password_hash, full_name, geom, created_at, updated_at, deleted_at, is_trusted, is_admin, location_updated_at, location_precision_km, location_privacy_profile, location_consent, location_source, phone, exchange_contact_preference) VALUES (98, 'silvia.sanna085', 'silvia.sanna085@demo.local', '$2b$10$yJZtrXIE84B8U1n74btdT.GXeHq2V5eSqWsJFmoMbcyIKimNYwZ9a', 'Silvia Sanna', '0101000020E6100000BDE3141DC9052940EE5A423EE8F14440', '2026-02-16 23:43:39.749085+01', '2026-02-17 15:31:03.763093+01', NULL, false, false, '2026-02-17 15:31:03.763093+01', 5, 'standard', true, 'manual_fix_land', NULL, 'email');
INSERT INTO public.users (id, username, email, password_hash, full_name, geom, created_at, updated_at, deleted_at, is_trusted, is_admin, location_updated_at, location_precision_km, location_privacy_profile, location_consent, location_source, phone, exchange_contact_preference) VALUES (99, 'arianna.ferrari086', 'arianna.ferrari086@demo.local', '$2b$10$jLfHeaslilSghAtsOajEou.YmdB4cvuUcXN2S1E5qiZE6bR0ov8cm', 'Arianna Ferrari', '0101000020E6100000FCF430E499CB28409D4B76463E054540', '2026-02-16 23:43:39.968318+01', '2026-02-16 23:48:39.841041+01', NULL, false, false, '2026-02-16 23:48:39.841041+01', 5, 'standard', true, 'gps', NULL, 'email');
INSERT INTO public.users (id, username, email, password_hash, full_name, geom, created_at, updated_at, deleted_at, is_trusted, is_admin, location_updated_at, location_precision_km, location_privacy_profile, location_consent, location_source, phone, exchange_contact_preference) VALUES (100, 'noemi.moretti087', 'noemi.moretti087@demo.local', '$2b$10$QvyB5rMczYYfLEmmHTiOYuc4FHVhLP0NppNnPuEtlHahgtVAqPN06', 'Noemi Moretti', '0101000020E61000003C6453589A891E40FB438333308C4640', '2026-02-16 23:43:40.193014+01', '2026-02-16 23:48:40.08623+01', NULL, false, false, '2026-02-16 23:48:40.08623+01', 5, 'standard', true, 'gps', NULL, 'email');
INSERT INTO public.users (id, username, email, password_hash, full_name, geom, created_at, updated_at, deleted_at, is_trusted, is_admin, location_updated_at, location_precision_km, location_privacy_profile, location_consent, location_source, phone, exchange_contact_preference) VALUES (101, 'federica.greco088', 'federica.greco088@demo.local', '$2b$10$Bj1yODv9g2iSq8pyAzywruRs1qyJaYfGPitrsIHGGHKCHDPqI9K9m', 'Federica Greco', '0101000020E61000002AF1D4B854EA28409D4B76463E054540', '2026-02-16 23:43:40.412568+01', '2026-02-16 23:48:40.329161+01', NULL, false, false, '2026-02-16 23:48:40.329161+01', 10, 'private', true, 'gps', NULL, 'email');
INSERT INTO public.users (id, username, email, password_hash, full_name, geom, created_at, updated_at, deleted_at, is_trusted, is_admin, location_updated_at, location_precision_km, location_privacy_profile, location_consent, location_source, phone, exchange_contact_preference) VALUES (102, 'alessia.gentile089', 'alessia.gentile089@demo.local', '$2b$10$.ktDCJyraGMx.DGUH6g3kO08l24XzKaz3Lprn6AUAloCZWs7A18o6', 'Alessia Gentile', '0101000020E6100000D59B525ACCB22C40F6511B0903814440', '2026-02-16 23:43:40.631076+01', '2026-02-16 23:48:40.577054+01', NULL, false, false, '2026-02-16 23:48:40.577054+01', 5, 'standard', true, 'gps', NULL, 'email');
INSERT INTO public.users (id, username, email, password_hash, full_name, geom, created_at, updated_at, deleted_at, is_trusted, is_admin, location_updated_at, location_precision_km, location_privacy_profile, location_consent, location_source, phone, exchange_contact_preference) VALUES (105, 'teresa.bianchi092', 'teresa.bianchi092@demo.local', '$2b$10$Y6bC7Vazfadnfc9vSXLDZ.CNm3En1dkTtNzTGlP/19Lp8KSrZVesy', 'Teresa Bianchi', '0101000020E610000002A28287B9062E4041C0EAF852C64240', '2026-02-16 23:43:41.286413+01', '2026-02-16 23:48:41.317413+01', NULL, false, false, '2026-02-16 23:48:41.317413+01', 5, 'standard', true, 'gps', NULL, 'email');
INSERT INTO public.users (id, username, email, password_hash, full_name, geom, created_at, updated_at, deleted_at, is_trusted, is_admin, location_updated_at, location_precision_km, location_privacy_profile, location_consent, location_source, phone, exchange_contact_preference) VALUES (106, 'claudia.de.luca093', 'claudia.de.luca093@demo.local', '$2b$10$WTdumvcTISBfvAL2bE9YU.yyACi97uU7hQsF4XMKS/Li1qUTH5O4S', 'Claudia De Luca', '0101000020E6100000EA0769391B6729409D4B76463E054540', '2026-02-16 23:43:41.503875+01', '2026-02-16 23:48:41.563741+01', NULL, false, false, '2026-02-16 23:48:41.563741+01', 5, 'standard', true, 'gps', NULL, 'email');
INSERT INTO public.users (id, username, email, password_hash, full_name, geom, created_at, updated_at, deleted_at, is_trusted, is_admin, location_updated_at, location_precision_km, location_privacy_profile, location_consent, location_source, phone, exchange_contact_preference) VALUES (107, 'paola.rizzo094', 'paola.rizzo094@demo.local', '$2b$10$k4a4TyzbhaaDmiJyWsQSqe.qR2DiTEmb4ovt2P0l9ZU8iWN7MCVte', 'Paola Rizzo', '0101000020E61000005DE19AA653342E4079E2DE9713B54240', '2026-02-16 23:43:41.722521+01', '2026-02-16 23:48:41.814216+01', NULL, false, false, '2026-02-16 23:48:41.814216+01', 5, 'standard', true, 'gps', NULL, 'email');
INSERT INTO public.users (id, username, email, password_hash, full_name, geom, created_at, updated_at, deleted_at, is_trusted, is_admin, location_updated_at, location_precision_km, location_privacy_profile, location_consent, location_source, phone, exchange_contact_preference) VALUES (109, 'gianni.messina096', 'gianni.messina096@demo.local', '$2b$10$kCikxGH28bv1X8L0w7NGhuNM7ezWvyGIDqvV.Rtp43keriKpCo7lK', 'Gianni Messina', '0101000020E6100000B71EA09384932C40F6511B0903814440', '2026-02-16 23:43:42.160807+01', '2026-02-16 23:48:42.303243+01', NULL, false, false, '2026-02-16 23:48:42.303243+01', 5, 'standard', true, 'gps', NULL, 'email');
INSERT INTO public.users (id, username, email, password_hash, full_name, geom, created_at, updated_at, deleted_at, is_trusted, is_admin, location_updated_at, location_precision_km, location_privacy_profile, location_consent, location_source, phone, exchange_contact_preference) VALUES (110, 'francesco.ferri097', 'francesco.ferri097@demo.local', '$2b$10$zQbMlXon7c8SpkdKZMH/.OSI3Z2z7mwbOtS1BYVNPoXf6oD..8.Dy', 'Francesco Ferri', '0101000020E6100000C002FEE927EF28400D905E84BFE24440', '2026-02-16 23:43:42.380173+01', '2026-02-16 23:48:42.549034+01', NULL, false, false, '2026-02-16 23:48:42.549034+01', 5, 'standard', true, 'gps', NULL, 'email');
INSERT INTO public.users (id, username, email, password_hash, full_name, geom, created_at, updated_at, deleted_at, is_trusted, is_admin, location_updated_at, location_precision_km, location_privacy_profile, location_consent, location_source, phone, exchange_contact_preference) VALUES (111, 'marco.gallo098', 'marco.gallo098@demo.local', '$2b$10$WVwojFqj5ruayWb0dusTK.gRD9Peg3zh5RVGLKA3MsyyG.VKFhP2y', 'Marco Gallo', '0101000020E610000077C90F06CFE63040F6511B0903814440', '2026-02-16 23:43:42.598904+01', '2026-02-16 23:48:42.795703+01', NULL, false, false, '2026-02-16 23:48:42.795703+01', 5, 'standard', true, 'gps', NULL, 'email');
INSERT INTO public.users (id, username, email, password_hash, full_name, geom, created_at, updated_at, deleted_at, is_trusted, is_admin, location_updated_at, location_precision_km, location_privacy_profile, location_consent, location_source, phone, exchange_contact_preference) VALUES (112, 'luca.lombardi099', 'luca.lombardi099@demo.local', '$2b$10$Ya4xDHXAGheeAHD1WBmt9u/Ljn2LFrddHOx2rlX3ItcYGgFQsUM6O', 'Luca Lombardi', '0101000020E610000062EE66D033F22640DBCC53AF32474640', '2026-02-16 23:43:42.818733+01', '2026-02-16 23:48:43.04269+01', NULL, false, false, '2026-02-16 23:48:43.04269+01', 10, 'private', true, 'gps', NULL, 'email');
INSERT INTO public.users (id, username, email, password_hash, full_name, geom, created_at, updated_at, deleted_at, is_trusted, is_admin, location_updated_at, location_precision_km, location_privacy_profile, location_consent, location_source, phone, exchange_contact_preference) VALUES (113, 'matteo.longo100', 'matteo.longo100@demo.local', '$2b$10$1Xbq5Zc7V3BHVfn1HpFQZOeku/e1SXlusUSXg7BurA/bH1bIwNf4G', 'Matteo Longo', '0101000020E61000007598B1939A1429403D79661A3FEE4440', '2026-02-16 23:43:43.038389+01', '2026-02-16 23:48:43.287664+01', NULL, false, false, '2026-02-16 23:48:43.287664+01', 10, 'private', true, 'gps', NULL, 'email');
INSERT INTO public.users (id, username, email, password_hash, full_name, geom, created_at, updated_at, deleted_at, is_trusted, is_admin, location_updated_at, location_precision_km, location_privacy_profile, location_consent, location_source, phone, exchange_contact_preference) VALUES (66, 'davide.de.luca053', 'davide.de.luca053@demo.local', '$2b$10$EuiJP.tqVsdQA8umu9mLpui3lffc1CTF3dTQItxPj.ZmEUGPFj.OG', 'Davide De Luca', '0101000020E61000001EE5849B52C428406D626EB0BEF94440', '2026-02-16 23:43:32.725331+01', '2026-02-16 23:48:31.717599+01', NULL, false, false, '2026-02-16 23:48:31.717599+01', 5, 'standard', true, 'gps', NULL, 'email');
INSERT INTO public.users (id, username, email, password_hash, full_name, geom, created_at, updated_at, deleted_at, is_trusted, is_admin, location_updated_at, location_precision_km, location_privacy_profile, location_consent, location_source, phone, exchange_contact_preference) VALUES (17, 'matteo.parisi004', 'matteo.parisi004@demo.local', '$2b$10$ugT7NDLeullDLtaRzaXKP.Ru5tph2V1UncuViVtctfcO/zWL5PXJi', 'Matteo Parisi', '0101000020E61000003EE8D9ACFA7C2C40ACADD85F766F4440', '2026-02-16 23:43:21.905793+01', '2026-02-17 00:30:54.673292+01', NULL, false, false, '2026-02-17 00:30:54.673292+01', 10, 'private', true, 'seed_fix_inland_v2', NULL, 'email');
INSERT INTO public.users (id, username, email, password_hash, full_name, geom, created_at, updated_at, deleted_at, is_trusted, is_admin, location_updated_at, location_precision_km, location_privacy_profile, location_consent, location_source, phone, exchange_contact_preference) VALUES (50, 'silvia.caruso037', 'silvia.caruso037@demo.local', '$2b$10$bEpq2TrWXHuUb5nr1inSyujz2f4c4AfA45JJkZ3zYn6AWcFdFxclq', 'Silvia Caruso', '0101000020E6100000A779C7293AF22840F2B0506B9AF74440', '2026-02-16 23:43:29.20005+01', '2026-02-17 00:30:54.673292+01', NULL, false, false, '2026-02-17 00:30:54.673292+01', 10, 'private', true, 'seed_fix_inland_v2', NULL, 'email');
INSERT INTO public.users (id, username, email, password_hash, full_name, geom, created_at, updated_at, deleted_at, is_trusted, is_admin, location_updated_at, location_precision_km, location_privacy_profile, location_consent, location_source, phone, exchange_contact_preference) VALUES (63, 'marco.martini050', 'marco.martini050@demo.local', '$2b$10$6idf36KFb/a/xLsFSSWfsufWMTswC0x5zZUdkdrURmV0QTxPk0SU2', 'Marco Martini', '0101000020E61000005DDC4603780B29409D11A5BDC1EF4440', '2026-02-16 23:43:32.064576+01', '2026-02-17 00:30:54.673292+01', NULL, false, false, '2026-02-17 00:30:54.673292+01', 5, 'standard', true, 'seed_fix_inland_v2', NULL, 'email');
INSERT INTO public.users (id, username, email, password_hash, full_name, geom, created_at, updated_at, deleted_at, is_trusted, is_admin, location_updated_at, location_precision_km, location_privacy_profile, location_consent, location_source, phone, exchange_contact_preference) VALUES (96, 'anna.vitale083', 'anna.vitale083@demo.local', '$2b$10$ns4YH1PzRN7vDEf64ueFeuMhZKiHTno1PZSp96oRw.0uGvGv5eGoO', 'Anna Vitale', '0101000020E610000074B515FBCB8E2C402497FF907E6B4440', '2026-02-16 23:43:39.308803+01', '2026-02-17 15:31:03.763093+01', NULL, false, false, '2026-02-17 15:31:03.763093+01', 5, 'standard', true, 'manual_fix_land', NULL, 'email');
INSERT INTO public.loan_requests (id, requester_user_id, owner_user_id, book_isbn, status, created_at, updated_at) VALUES (1, 6, 2, '9788831003397', 'cancelled', '2026-01-29 16:11:43.106089+01', '2026-02-08 10:32:05.989606+01');
INSERT INTO public.loan_requests (id, requester_user_id, owner_user_id, book_isbn, status, created_at, updated_at) VALUES (2, 6, 2, '9788804659153', 'returned', '2026-02-08 01:44:18.109228+01', '2026-02-08 14:44:44.428973+01');
INSERT INTO public.loan_requests (id, requester_user_id, owner_user_id, book_isbn, status, created_at, updated_at) VALUES (4, 6, 2, '9788845292613', 'returned', '2026-02-08 14:48:57.167642+01', '2026-02-08 14:51:39.465914+01');
INSERT INTO public.loan_requests (id, requester_user_id, owner_user_id, book_isbn, status, created_at, updated_at) VALUES (6, 6, 2, '9788804668230', 'returned', '2026-02-11 16:01:44.312725+01', '2026-02-11 16:04:57.751757+01');
INSERT INTO public.loan_requests (id, requester_user_id, owner_user_id, book_isbn, status, created_at, updated_at) VALUES (7, 10, 6, '9788877827029', 'returned', '2026-02-14 11:35:03.184541+01', '2026-02-14 11:37:55.213179+01');
INSERT INTO public.loan_requests (id, requester_user_id, owner_user_id, book_isbn, status, created_at, updated_at) VALUES (8, 10, 6, '9788877827029', 'cancelled', '2026-02-14 17:43:50.146996+01', '2026-02-14 17:43:58.561605+01');
INSERT INTO public.loan_requests (id, requester_user_id, owner_user_id, book_isbn, status, created_at, updated_at) VALUES (9, 2, 6, '9788877827029', 'returned', '2026-02-14 17:50:58.55617+01', '2026-02-14 17:52:52.740246+01');
INSERT INTO public.loan_requests (id, requester_user_id, owner_user_id, book_isbn, status, created_at, updated_at) VALUES (5, 6, 2, '9788804700015', 'returned', '2026-02-08 22:51:13.338394+01', '2026-02-14 18:12:59.598202+01');
INSERT INTO public.loan_requests (id, requester_user_id, owner_user_id, book_isbn, status, created_at, updated_at) VALUES (10, 2, 6, '9788877827029', 'returned', '2026-02-14 18:12:48.444713+01', '2026-02-14 18:33:40.855347+01');
INSERT INTO public.loan_requests (id, requester_user_id, owner_user_id, book_isbn, status, created_at, updated_at) VALUES (11, 4, 6, '9788804700008', 'returned', '2026-02-15 17:23:18.671402+01', '2026-02-15 17:23:40.286503+01');
INSERT INTO public.loan_requests (id, requester_user_id, owner_user_id, book_isbn, status, created_at, updated_at) VALUES (12, 13, 6, '9788804700008', 'accepted', '2026-02-15 18:25:28.591051+01', '2026-02-15 18:25:48.956021+01');
INSERT INTO public.loan_requests (id, requester_user_id, owner_user_id, book_isbn, status, created_at, updated_at) VALUES (13, 89, 28, '8483107406', 'accepted', '2026-01-29 16:13:30.725+01', '2026-01-29 16:13:30.725+01');
INSERT INTO public.loan_requests (id, requester_user_id, owner_user_id, book_isbn, status, created_at, updated_at) VALUES (14, 87, 49, '9788806147815', 'accepted', '2026-02-12 16:13:30.729+01', '2026-02-12 16:13:30.729+01');
INSERT INTO public.loan_requests (id, requester_user_id, owner_user_id, book_isbn, status, created_at, updated_at) VALUES (15, 76, 64, '9788830104716', 'accepted', '2026-01-31 16:13:30.731+01', '2026-01-31 16:13:30.731+01');
INSERT INTO public.loan_requests (id, requester_user_id, owner_user_id, book_isbn, status, created_at, updated_at) VALUES (16, 76, 105, '9788830104716', 'accepted', '2026-01-28 16:13:30.731+01', '2026-01-28 16:13:30.731+01');
INSERT INTO public.loan_requests (id, requester_user_id, owner_user_id, book_isbn, status, created_at, updated_at) VALUES (17, 84, 27, '9788806552022', 'accepted', '2026-02-11 16:13:30.732+01', '2026-02-11 16:13:30.732+01');
INSERT INTO public.loan_requests (id, requester_user_id, owner_user_id, book_isbn, status, created_at, updated_at) VALUES (18, 81, 32, '9788831003380', 'accepted', '2026-01-28 16:13:30.733+01', '2026-01-28 16:13:30.733+01');
INSERT INTO public.loan_requests (id, requester_user_id, owner_user_id, book_isbn, status, created_at, updated_at) VALUES (19, 92, 67, '9788838238451', 'accepted', '2026-02-13 16:13:30.734+01', '2026-02-13 16:13:30.734+01');
INSERT INTO public.loan_requests (id, requester_user_id, owner_user_id, book_isbn, status, created_at, updated_at) VALUES (20, 82, 100, '9788831003403', 'accepted', '2026-01-31 16:13:30.734+01', '2026-01-31 16:13:30.734+01');
INSERT INTO public.loan_requests (id, requester_user_id, owner_user_id, book_isbn, status, created_at, updated_at) VALUES (21, 85, 95, '8817080667', 'accepted', '2026-02-02 16:13:30.735+01', '2026-02-02 16:13:30.735+01');
INSERT INTO public.loan_requests (id, requester_user_id, owner_user_id, book_isbn, status, created_at, updated_at) VALUES (22, 23, 56, '8848001025', 'accepted', '2026-02-04 16:13:30.736+01', '2026-02-04 16:13:30.736+01');
INSERT INTO public.loan_requests (id, requester_user_id, owner_user_id, book_isbn, status, created_at, updated_at) VALUES (23, 90, 53, '884301840X', 'accepted', '2026-02-12 16:13:30.737+01', '2026-02-12 16:13:30.737+01');
INSERT INTO public.loan_requests (id, requester_user_id, owner_user_id, book_isbn, status, created_at, updated_at) VALUES (24, 24, 62, '9788838238451', 'accepted', '2026-02-04 16:13:30.737+01', '2026-02-04 16:13:30.737+01');
INSERT INTO public.loan_requests (id, requester_user_id, owner_user_id, book_isbn, status, created_at, updated_at) VALUES (25, 24, 108, '9788831003397', 'accepted', '2026-02-09 16:13:30.738+01', '2026-02-09 16:13:30.738+01');
INSERT INTO public.loan_requests (id, requester_user_id, owner_user_id, book_isbn, status, created_at, updated_at) VALUES (26, 8, 32, '9788838238451', 'accepted', '2026-02-13 16:13:30.738+01', '2026-02-13 16:13:30.738+01');
INSERT INTO public.loan_requests (id, requester_user_id, owner_user_id, book_isbn, status, created_at, updated_at) VALUES (27, 64, 78, '9788838238451', 'accepted', '2026-02-11 16:13:30.739+01', '2026-02-11 16:13:30.739+01');
INSERT INTO public.loan_requests (id, requester_user_id, owner_user_id, book_isbn, status, created_at, updated_at) VALUES (28, 40, 17, '9788807421204', 'accepted', '2026-02-08 16:13:30.739+01', '2026-02-08 16:13:30.739+01');
INSERT INTO public.loan_requests (id, requester_user_id, owner_user_id, book_isbn, status, created_at, updated_at) VALUES (29, 113, 52, '9781291719864', 'accepted', '2026-02-15 16:13:30.74+01', '2026-02-15 16:13:30.74+01');
INSERT INTO public.loan_requests (id, requester_user_id, owner_user_id, book_isbn, status, created_at, updated_at) VALUES (30, 94, 23, '9788811672364', 'accepted', '2026-02-01 16:13:30.74+01', '2026-02-01 16:13:30.74+01');
INSERT INTO public.loan_requests (id, requester_user_id, owner_user_id, book_isbn, status, created_at, updated_at) VALUES (31, 13, 63, '1101923083', 'accepted', '2026-01-30 16:13:30.74+01', '2026-01-30 16:13:30.74+01');
INSERT INTO public.loan_requests (id, requester_user_id, owner_user_id, book_isbn, status, created_at, updated_at) VALUES (32, 45, 27, '9789197342339', 'accepted', '2026-02-05 16:13:30.741+01', '2026-02-05 16:13:30.741+01');
INSERT INTO public.loan_requests (id, requester_user_id, owner_user_id, book_isbn, status, created_at, updated_at) VALUES (33, 57, 35, '9788871882925', 'accepted', '2026-02-07 16:13:30.742+01', '2026-02-07 16:13:30.742+01');
INSERT INTO public.loan_requests (id, requester_user_id, owner_user_id, book_isbn, status, created_at, updated_at) VALUES (34, 107, 111, '9780912946313', 'rejected', '2026-01-30 16:13:30.742+01', '2026-01-30 16:13:30.742+01');
INSERT INTO public.loan_requests (id, requester_user_id, owner_user_id, book_isbn, status, created_at, updated_at) VALUES (35, 34, 27, '1101923083', 'rejected', '2026-01-30 16:13:30.742+01', '2026-01-30 16:13:30.742+01');
INSERT INTO public.loan_requests (id, requester_user_id, owner_user_id, book_isbn, status, created_at, updated_at) VALUES (36, 4, 88, '9780912946313', 'rejected', '2026-02-04 16:13:30.743+01', '2026-02-04 16:13:30.743+01');
INSERT INTO public.loan_requests (id, requester_user_id, owner_user_id, book_isbn, status, created_at, updated_at) VALUES (37, 112, 2, '8845272184', 'rejected', '2026-02-04 16:13:30.743+01', '2026-02-04 16:13:30.743+01');
INSERT INTO public.loan_requests (id, requester_user_id, owner_user_id, book_isbn, status, created_at, updated_at) VALUES (38, 60, 44, '8817080667', 'rejected', '2026-01-28 16:13:30.743+01', '2026-01-28 16:13:30.743+01');
INSERT INTO public.loan_requests (id, requester_user_id, owner_user_id, book_isbn, status, created_at, updated_at) VALUES (39, 31, 85, '9788467058512', 'rejected', '2026-02-02 16:13:30.743+01', '2026-02-02 16:13:30.743+01');
INSERT INTO public.loan_requests (id, requester_user_id, owner_user_id, book_isbn, status, created_at, updated_at) VALUES (40, 15, 34, '1101923083', 'rejected', '2026-02-03 16:13:30.744+01', '2026-02-03 16:13:30.744+01');
INSERT INTO public.loan_requests (id, requester_user_id, owner_user_id, book_isbn, status, created_at, updated_at) VALUES (41, 82, 109, '8848001025', 'rejected', '2026-02-15 16:13:30.744+01', '2026-02-15 16:13:30.744+01');
INSERT INTO public.loan_requests (id, requester_user_id, owner_user_id, book_isbn, status, created_at, updated_at) VALUES (42, 83, 77, '9788831003397', 'rejected', '2026-02-06 16:13:30.744+01', '2026-02-06 16:13:30.744+01');
INSERT INTO public.loan_requests (id, requester_user_id, owner_user_id, book_isbn, status, created_at, updated_at) VALUES (43, 26, 17, '1910213039', 'rejected', '2026-02-02 16:13:30.744+01', '2026-02-02 16:13:30.744+01');
INSERT INTO public.loan_requests (id, requester_user_id, owner_user_id, book_isbn, status, created_at, updated_at) VALUES (44, 106, 19, '9788804579243', 'rejected', '2026-02-07 16:13:30.745+01', '2026-02-07 16:13:30.745+01');
INSERT INTO public.loan_requests (id, requester_user_id, owner_user_id, book_isbn, status, created_at, updated_at) VALUES (45, 67, 78, '9788871882925', 'rejected', '2026-02-03 16:13:30.745+01', '2026-02-03 16:13:30.745+01');
INSERT INTO public.loan_requests (id, requester_user_id, owner_user_id, book_isbn, status, created_at, updated_at) VALUES (46, 101, 28, '880446030X', 'pending', '2026-02-10 16:13:30.745+01', '2026-02-10 16:13:30.745+01');
INSERT INTO public.loan_requests (id, requester_user_id, owner_user_id, book_isbn, status, created_at, updated_at) VALUES (47, 46, 64, '9788804616351', 'pending', '2026-02-09 16:13:30.745+01', '2026-02-09 16:13:30.745+01');
INSERT INTO public.loan_requests (id, requester_user_id, owner_user_id, book_isbn, status, created_at, updated_at) VALUES (50, 87, 18, '9781482939682', 'pending', '2026-02-08 16:13:30.746+01', '2026-02-08 16:13:30.746+01');
INSERT INTO public.loan_requests (id, requester_user_id, owner_user_id, book_isbn, status, created_at, updated_at) VALUES (55, 17, 34, '9788831004175', 'pending', '2026-02-07 16:13:30.747+01', '2026-02-07 16:13:30.747+01');
INSERT INTO public.loan_requests (id, requester_user_id, owner_user_id, book_isbn, status, created_at, updated_at) VALUES (58, 6, 50, '880446030X', 'pending', '2026-02-13 16:13:30.748+01', '2026-02-13 16:13:30.748+01');
INSERT INTO public.loan_requests (id, requester_user_id, owner_user_id, book_isbn, status, created_at, updated_at) VALUES (59, 106, 101, '9788560280940', 'pending', '2026-02-11 16:13:30.748+01', '2026-02-11 16:13:30.748+01');
INSERT INTO public.loan_requests (id, requester_user_id, owner_user_id, book_isbn, status, created_at, updated_at) VALUES (61, 27, 95, '9798590501670', 'pending', '2026-02-06 16:13:30.749+01', '2026-02-06 16:13:30.749+01');
INSERT INTO public.loan_requests (id, requester_user_id, owner_user_id, book_isbn, status, created_at, updated_at) VALUES (62, 38, 74, '9788804659153', 'pending', '2026-02-11 16:13:30.749+01', '2026-02-11 16:13:30.749+01');
INSERT INTO public.loan_requests (id, requester_user_id, owner_user_id, book_isbn, status, created_at, updated_at) VALUES (64, 88, 21, '9788831003397', 'pending', '2026-02-14 16:13:30.749+01', '2026-02-14 16:13:30.749+01');
INSERT INTO public.loan_requests (id, requester_user_id, owner_user_id, book_isbn, status, created_at, updated_at) VALUES (66, 35, 112, '9788804668230', 'pending', '2026-02-10 16:13:30.75+01', '2026-02-10 16:13:30.75+01');
INSERT INTO public.loan_requests (id, requester_user_id, owner_user_id, book_isbn, status, created_at, updated_at) VALUES (69, 62, 63, '8804657111', 'pending', '2026-02-15 16:13:30.75+01', '2026-02-15 16:13:30.75+01');
INSERT INTO public.loan_requests (id, requester_user_id, owner_user_id, book_isbn, status, created_at, updated_at) VALUES (72, 24, 42, '9788838238451', 'pending', '2026-02-13 16:13:30.751+01', '2026-02-13 16:13:30.751+01');
INSERT INTO public.loan_requests (id, requester_user_id, owner_user_id, book_isbn, status, created_at, updated_at) VALUES (68, 71, 112, '8845272184', 'accepted', '2026-01-28 16:13:30.75+01', '2026-02-17 16:15:02.889869+01');
INSERT INTO public.loan_requests (id, requester_user_id, owner_user_id, book_isbn, status, created_at, updated_at) VALUES (70, 8, 28, '9788845292620', 'accepted', '2026-01-29 16:13:30.751+01', '2026-02-17 16:15:02.889869+01');
INSERT INTO public.loan_requests (id, requester_user_id, owner_user_id, book_isbn, status, created_at, updated_at) VALUES (56, 58, 89, '9788831003397', 'accepted', '2026-01-30 16:13:30.748+01', '2026-02-17 16:15:02.889869+01');
INSERT INTO public.loan_requests (id, requester_user_id, owner_user_id, book_isbn, status, created_at, updated_at) VALUES (57, 57, 111, '884591335X', 'accepted', '2026-01-30 16:13:30.748+01', '2026-02-17 16:15:02.889869+01');
INSERT INTO public.loan_requests (id, requester_user_id, owner_user_id, book_isbn, status, created_at, updated_at) VALUES (51, 101, 6, '9788877827029', 'accepted', '2026-01-31 16:13:30.746+01', '2026-02-17 16:15:02.889869+01');
INSERT INTO public.loan_requests (id, requester_user_id, owner_user_id, book_isbn, status, created_at, updated_at) VALUES (54, 48, 34, '8804797037', 'accepted', '2026-01-31 16:13:30.747+01', '2026-02-17 16:15:02.889869+01');
INSERT INTO public.loan_requests (id, requester_user_id, owner_user_id, book_isbn, status, created_at, updated_at) VALUES (65, 108, 17, '9788838238451', 'accepted', '2026-01-31 16:13:30.75+01', '2026-02-17 16:15:02.889869+01');
INSERT INTO public.loan_requests (id, requester_user_id, owner_user_id, book_isbn, status, created_at, updated_at) VALUES (71, 13, 65, '884591335X', 'accepted', '2026-01-31 16:13:30.751+01', '2026-02-17 16:15:02.889869+01');
INSERT INTO public.loan_requests (id, requester_user_id, owner_user_id, book_isbn, status, created_at, updated_at) VALUES (63, 82, 46, '9788845292613', 'accepted', '2026-02-01 16:13:30.749+01', '2026-02-17 16:15:02.889869+01');
INSERT INTO public.loan_requests (id, requester_user_id, owner_user_id, book_isbn, status, created_at, updated_at) VALUES (67, 79, 86, '8817057428', 'accepted', '2026-02-01 16:13:30.75+01', '2026-02-17 16:15:02.889869+01');
INSERT INTO public.loan_requests (id, requester_user_id, owner_user_id, book_isbn, status, created_at, updated_at) VALUES (49, 10, 27, '9788885323094', 'accepted', '2026-02-02 16:13:30.746+01', '2026-02-17 16:15:02.889869+01');
INSERT INTO public.loan_requests (id, requester_user_id, owner_user_id, book_isbn, status, created_at, updated_at) VALUES (52, 99, 13, '8804574674', 'accepted', '2026-02-02 16:13:30.747+01', '2026-02-17 16:15:02.889869+01');
INSERT INTO public.loan_requests (id, requester_user_id, owner_user_id, book_isbn, status, created_at, updated_at) VALUES (60, 44, 96, '9788804659153', 'accepted', '2026-02-04 16:13:30.749+01', '2026-02-17 16:15:02.889869+01');
INSERT INTO public.loan_requests (id, requester_user_id, owner_user_id, book_isbn, status, created_at, updated_at) VALUES (48, 17, 102, '9788831003380', 'accepted', '2026-02-05 16:13:30.746+01', '2026-02-17 16:15:02.889869+01');
INSERT INTO public.loan_requests (id, requester_user_id, owner_user_id, book_isbn, status, created_at, updated_at) VALUES (53, 33, 57, '9788845292606', 'accepted', '2026-02-06 16:13:30.747+01', '2026-02-17 16:15:02.889869+01');
INSERT INTO public.user_books (user_id, book_isbn, is_available, created_at, updated_at, deleted_at) VALUES (2, '9788804659153', true, '2026-02-05 19:22:43.80704+01', '2026-02-08 14:44:44.428973+01', NULL);
INSERT INTO public.user_books (user_id, book_isbn, is_available, created_at, updated_at, deleted_at) VALUES (2, '9788845292613', true, '2026-02-05 18:42:48.57726+01', '2026-02-08 14:51:39.465914+01', NULL);
INSERT INTO public.user_books (user_id, book_isbn, is_available, created_at, updated_at, deleted_at) VALUES (2, '9788831003397', true, '2026-01-25 14:16:30.372167+01', '2026-01-27 16:02:31.14619+01', NULL);
INSERT INTO public.user_books (user_id, book_isbn, is_available, created_at, updated_at, deleted_at) VALUES (2, '9788811672364', true, '2026-02-05 18:02:24.04418+01', '2026-02-10 10:53:13.077552+01', NULL);
INSERT INTO public.user_books (user_id, book_isbn, is_available, created_at, updated_at, deleted_at) VALUES (2, '9788804668230', true, '2026-01-25 13:33:06.367939+01', '2026-02-11 16:04:57.751757+01', NULL);
INSERT INTO public.user_books (user_id, book_isbn, is_available, created_at, updated_at, deleted_at) VALUES (2, '9788804700015', true, '2026-02-05 01:26:18.235708+01', '2026-02-14 18:12:59.598202+01', NULL);
INSERT INTO public.user_books (user_id, book_isbn, is_available, created_at, updated_at, deleted_at) VALUES (6, '9788831003397', true, '2026-02-15 12:19:44.62358+01', '2026-02-15 12:19:44.62358+01', NULL);
INSERT INTO public.user_books (user_id, book_isbn, is_available, created_at, updated_at, deleted_at) VALUES (6, '9788831004175', true, '2026-02-15 12:19:47.76783+01', '2026-02-15 12:19:47.76783+01', NULL);
INSERT INTO public.user_books (user_id, book_isbn, is_available, created_at, updated_at, deleted_at) VALUES (6, '9788804620907', true, '2026-02-15 12:28:40.429236+01', '2026-02-15 12:28:40.429236+01', NULL);
INSERT INTO public.user_books (user_id, book_isbn, is_available, created_at, updated_at, deleted_at) VALUES (6, '8804657111', true, '2026-02-15 12:44:14.396777+01', '2026-02-15 12:44:14.396777+01', NULL);
INSERT INTO public.user_books (user_id, book_isbn, is_available, created_at, updated_at, deleted_at) VALUES (6, '9788830104716', true, '2026-02-15 14:08:00.253195+01', '2026-02-15 14:08:00.253195+01', NULL);
INSERT INTO public.user_books (user_id, book_isbn, is_available, created_at, updated_at, deleted_at) VALUES (6, '8804644494', true, '2026-02-15 12:44:06.069556+01', '2026-02-15 14:19:53.529598+01', '2026-02-15 14:19:53.529598+01');
INSERT INTO public.user_books (user_id, book_isbn, is_available, created_at, updated_at, deleted_at) VALUES (6, '9788804668230', true, '2026-01-29 14:55:01.526174+01', '2026-02-15 14:39:37.763765+01', NULL);
INSERT INTO public.user_books (user_id, book_isbn, is_available, created_at, updated_at, deleted_at) VALUES (4, '9788830104716', true, '2026-02-15 15:37:58.736079+01', '2026-02-15 15:37:58.736079+01', NULL);
INSERT INTO public.user_books (user_id, book_isbn, is_available, created_at, updated_at, deleted_at) VALUES (6, '9788831003403', false, '2026-02-15 12:19:43.457604+01', '2026-02-15 15:48:27.763129+01', NULL);
INSERT INTO public.user_books (user_id, book_isbn, is_available, created_at, updated_at, deleted_at) VALUES (6, '9788804616351', false, '2026-02-15 12:28:36.507566+01', '2026-02-15 15:48:37.678638+01', NULL);
INSERT INTO public.user_books (user_id, book_isbn, is_available, created_at, updated_at, deleted_at) VALUES (13, '8804797037', true, '2026-02-15 18:25:04.257641+01', '2026-02-15 18:25:04.257641+01', NULL);
INSERT INTO public.user_books (user_id, book_isbn, is_available, created_at, updated_at, deleted_at) VALUES (6, '9788804700008', false, '2026-02-15 12:28:33.272191+01', '2026-02-15 18:25:48.956021+01', NULL);
INSERT INTO public.user_books (user_id, book_isbn, is_available, created_at, updated_at, deleted_at) VALUES (13, '9788817040990', true, '2026-02-15 18:44:45.08307+01', '2026-02-15 18:44:45.08307+01', NULL);
INSERT INTO public.user_books (user_id, book_isbn, is_available, created_at, updated_at, deleted_at) VALUES (13, '9788804579243', true, '2026-02-15 18:45:11.312671+01', '2026-02-15 18:45:11.312671+01', NULL);
INSERT INTO public.user_books (user_id, book_isbn, is_available, created_at, updated_at, deleted_at) VALUES (13, '8804532971', true, '2026-02-15 18:45:42.505102+01', '2026-02-15 18:45:42.505102+01', NULL);
INSERT INTO public.user_books (user_id, book_isbn, is_available, created_at, updated_at, deleted_at) VALUES (13, '8804613424', true, '2026-02-15 18:46:00.891966+01', '2026-02-15 18:46:00.891966+01', NULL);
INSERT INTO public.user_books (user_id, book_isbn, is_available, created_at, updated_at, deleted_at) VALUES (13, '9788804665168', true, '2026-02-15 18:46:02.474681+01', '2026-02-15 18:46:02.474681+01', NULL);
INSERT INTO public.user_books (user_id, book_isbn, is_available, created_at, updated_at, deleted_at) VALUES (13, '8804582863', true, '2026-02-15 18:46:05.289904+01', '2026-02-15 18:46:05.289904+01', NULL);
INSERT INTO public.user_books (user_id, book_isbn, is_available, created_at, updated_at, deleted_at) VALUES (13, '9788804561132', true, '2026-02-15 18:46:13.626395+01', '2026-02-15 18:46:13.626395+01', NULL);
INSERT INTO public.user_books (user_id, book_isbn, is_available, created_at, updated_at, deleted_at) VALUES (13, '9788804617112', true, '2026-02-15 18:46:16.058961+01', '2026-02-15 18:46:16.058961+01', NULL);
INSERT INTO public.user_books (user_id, book_isbn, is_available, created_at, updated_at, deleted_at) VALUES (2, '9788830104716', true, '2026-02-16 12:13:09.940899+01', '2026-02-16 12:13:09.940899+01', NULL);
INSERT INTO public.user_books (user_id, book_isbn, is_available, created_at, updated_at, deleted_at) VALUES (2, '8845272184', true, '2026-02-16 12:13:40.608646+01', '2026-02-16 12:13:40.608646+01', NULL);
INSERT INTO public.user_books (user_id, book_isbn, is_available, created_at, updated_at, deleted_at) VALUES (2, '9789997498038', true, '2026-02-16 12:14:49.857671+01', '2026-02-16 12:14:49.857671+01', NULL);
INSERT INTO public.user_books (user_id, book_isbn, is_available, created_at, updated_at, deleted_at) VALUES (2, '9788560280940', true, '2026-02-16 12:14:55.684968+01', '2026-02-16 12:14:55.684968+01', NULL);
INSERT INTO public.user_books (user_id, book_isbn, is_available, created_at, updated_at, deleted_at) VALUES (6, '9788831003380', false, '2026-02-15 12:19:46.489512+01', '2026-02-16 14:46:47.076925+01', NULL);
INSERT INTO public.user_books (user_id, book_isbn, is_available, created_at, updated_at, deleted_at) VALUES (6, '8804579242', true, '2026-02-16 17:42:03.566421+01', '2026-02-16 17:42:03.566421+01', NULL);
INSERT INTO public.user_books (user_id, book_isbn, is_available, created_at, updated_at, deleted_at) VALUES (14, '019831759X', true, '2026-02-16 23:43:21.344514+01', '2026-02-16 23:43:21.344514+01', NULL);
INSERT INTO public.user_books (user_id, book_isbn, is_available, created_at, updated_at, deleted_at) VALUES (14, '9788811672364', true, '2026-02-16 23:43:21.347702+01', '2026-02-16 23:43:21.347702+01', NULL);
INSERT INTO public.user_books (user_id, book_isbn, is_available, created_at, updated_at, deleted_at) VALUES (14, '9788804700022', true, '2026-02-16 23:43:21.349519+01', '2026-02-16 23:43:21.349519+01', NULL);
INSERT INTO public.user_books (user_id, book_isbn, is_available, created_at, updated_at, deleted_at) VALUES (15, '9788804620907', true, '2026-02-16 23:43:21.568025+01', '2026-02-16 23:43:21.568025+01', NULL);
INSERT INTO public.user_books (user_id, book_isbn, is_available, created_at, updated_at, deleted_at) VALUES (15, '9781291719864', true, '2026-02-16 23:43:21.569693+01', '2026-02-16 23:43:21.569693+01', NULL);
INSERT INTO public.user_books (user_id, book_isbn, is_available, created_at, updated_at, deleted_at) VALUES (15, '8804797037', true, '2026-02-16 23:43:21.571991+01', '2026-02-16 23:43:21.571991+01', NULL);
INSERT INTO public.user_books (user_id, book_isbn, is_available, created_at, updated_at, deleted_at) VALUES (15, '9788811672364', true, '2026-02-16 23:43:21.575462+01', '2026-02-16 23:43:21.575462+01', NULL);
INSERT INTO public.user_books (user_id, book_isbn, is_available, created_at, updated_at, deleted_at) VALUES (16, '8804797037', true, '2026-02-16 23:43:21.795915+01', '2026-02-16 23:43:21.795915+01', NULL);
INSERT INTO public.user_books (user_id, book_isbn, is_available, created_at, updated_at, deleted_at) VALUES (16, '9788804700008', true, '2026-02-16 23:43:21.797658+01', '2026-02-16 23:43:21.797658+01', NULL);
INSERT INTO public.user_books (user_id, book_isbn, is_available, created_at, updated_at, deleted_at) VALUES (16, '9788560280940', true, '2026-02-16 23:43:21.799301+01', '2026-02-16 23:43:21.799301+01', NULL);
INSERT INTO public.user_books (user_id, book_isbn, is_available, created_at, updated_at, deleted_at) VALUES (17, '9788804561132', true, '2026-02-16 23:43:22.018983+01', '2026-02-16 23:43:22.018983+01', NULL);
INSERT INTO public.user_books (user_id, book_isbn, is_available, created_at, updated_at, deleted_at) VALUES (17, '1910213039', true, '2026-02-16 23:43:22.021853+01', '2026-02-16 23:43:22.021853+01', NULL);
INSERT INTO public.user_books (user_id, book_isbn, is_available, created_at, updated_at, deleted_at) VALUES (18, '1419281909', true, '2026-02-16 23:43:22.242943+01', '2026-02-16 23:43:22.242943+01', NULL);
INSERT INTO public.user_books (user_id, book_isbn, is_available, created_at, updated_at, deleted_at) VALUES (18, '9780912946313', true, '2026-02-16 23:43:22.244636+01', '2026-02-16 23:43:22.244636+01', NULL);
INSERT INTO public.user_books (user_id, book_isbn, is_available, created_at, updated_at, deleted_at) VALUES (19, '8804797037', true, '2026-02-16 23:43:22.464024+01', '2026-02-16 23:43:22.464024+01', NULL);
INSERT INTO public.user_books (user_id, book_isbn, is_available, created_at, updated_at, deleted_at) VALUES (19, '8817057428', true, '2026-02-16 23:43:22.465426+01', '2026-02-16 23:43:22.465426+01', NULL);
INSERT INTO public.user_books (user_id, book_isbn, is_available, created_at, updated_at, deleted_at) VALUES (19, '9788804700022', true, '2026-02-16 23:43:22.466863+01', '2026-02-16 23:43:22.466863+01', NULL);
INSERT INTO public.user_books (user_id, book_isbn, is_available, created_at, updated_at, deleted_at) VALUES (19, '9788831003403', true, '2026-02-16 23:43:22.468099+01', '2026-02-16 23:43:22.468099+01', NULL);
INSERT INTO public.user_books (user_id, book_isbn, is_available, created_at, updated_at, deleted_at) VALUES (20, '9788804561132', true, '2026-02-16 23:43:22.684961+01', '2026-02-16 23:43:22.684961+01', NULL);
INSERT INTO public.user_books (user_id, book_isbn, is_available, created_at, updated_at, deleted_at) VALUES (20, '9788845226342', true, '2026-02-16 23:43:22.686312+01', '2026-02-16 23:43:22.686312+01', NULL);
INSERT INTO public.user_books (user_id, book_isbn, is_available, created_at, updated_at, deleted_at) VALUES (20, '9788804700015', true, '2026-02-16 23:43:22.687815+01', '2026-02-16 23:43:22.687815+01', NULL);
INSERT INTO public.user_books (user_id, book_isbn, is_available, created_at, updated_at, deleted_at) VALUES (21, '9788807813740', true, '2026-02-16 23:43:22.906521+01', '2026-02-16 23:43:22.906521+01', NULL);
INSERT INTO public.user_books (user_id, book_isbn, is_available, created_at, updated_at, deleted_at) VALUES (21, '9788845292613', true, '2026-02-16 23:43:22.908905+01', '2026-02-16 23:43:22.908905+01', NULL);
INSERT INTO public.user_books (user_id, book_isbn, is_available, created_at, updated_at, deleted_at) VALUES (21, '9788831003397', true, '2026-02-16 23:43:22.910649+01', '2026-02-16 23:43:22.910649+01', NULL);
INSERT INTO public.user_books (user_id, book_isbn, is_available, created_at, updated_at, deleted_at) VALUES (22, '9780205632633', true, '2026-02-16 23:43:23.129058+01', '2026-02-16 23:43:23.129058+01', NULL);
INSERT INTO public.user_books (user_id, book_isbn, is_available, created_at, updated_at, deleted_at) VALUES (22, '8848000029', true, '2026-02-16 23:43:23.130589+01', '2026-02-16 23:43:23.130589+01', NULL);
INSERT INTO public.user_books (user_id, book_isbn, is_available, created_at, updated_at, deleted_at) VALUES (22, '1910213039', true, '2026-02-16 23:43:23.132893+01', '2026-02-16 23:43:23.132893+01', NULL);
INSERT INTO public.user_books (user_id, book_isbn, is_available, created_at, updated_at, deleted_at) VALUES (23, '8832822687', true, '2026-02-16 23:43:23.35086+01', '2026-02-16 23:43:23.35086+01', NULL);
INSERT INTO public.user_books (user_id, book_isbn, is_available, created_at, updated_at, deleted_at) VALUES (23, '9788804579243', true, '2026-02-16 23:43:23.353627+01', '2026-02-16 23:43:23.353627+01', NULL);
INSERT INTO public.user_books (user_id, book_isbn, is_available, created_at, updated_at, deleted_at) VALUES (23, '8804797037', true, '2026-02-16 23:43:23.355011+01', '2026-02-16 23:43:23.355011+01', NULL);
INSERT INTO public.user_books (user_id, book_isbn, is_available, created_at, updated_at, deleted_at) VALUES (24, '9788831003397', true, '2026-02-16 23:43:23.572229+01', '2026-02-16 23:43:23.572229+01', NULL);
INSERT INTO public.user_books (user_id, book_isbn, is_available, created_at, updated_at, deleted_at) VALUES (24, '3642108806', true, '2026-02-16 23:43:23.574567+01', '2026-02-16 23:43:23.574567+01', NULL);
INSERT INTO public.user_books (user_id, book_isbn, is_available, created_at, updated_at, deleted_at) VALUES (25, '9780205632633', true, '2026-02-16 23:43:23.791996+01', '2026-02-16 23:43:23.791996+01', NULL);
INSERT INTO public.user_books (user_id, book_isbn, is_available, created_at, updated_at, deleted_at) VALUES (25, '8804644494', true, '2026-02-16 23:43:23.79439+01', '2026-02-16 23:43:23.79439+01', NULL);
INSERT INTO public.user_books (user_id, book_isbn, is_available, created_at, updated_at, deleted_at) VALUES (26, '9788804659153', true, '2026-02-16 23:43:24.011969+01', '2026-02-16 23:43:24.011969+01', NULL);
INSERT INTO public.user_books (user_id, book_isbn, is_available, created_at, updated_at, deleted_at) VALUES (26, '9788804668230', true, '2026-02-16 23:43:24.014514+01', '2026-02-16 23:43:24.014514+01', NULL);
INSERT INTO public.user_books (user_id, book_isbn, is_available, created_at, updated_at, deleted_at) VALUES (26, '1419281909', true, '2026-02-16 23:43:24.017423+01', '2026-02-16 23:43:24.017423+01', NULL);
INSERT INTO public.user_books (user_id, book_isbn, is_available, created_at, updated_at, deleted_at) VALUES (27, '9780205632633', true, '2026-02-16 23:43:24.236032+01', '2026-02-16 23:43:24.236032+01', NULL);
INSERT INTO public.user_books (user_id, book_isbn, is_available, created_at, updated_at, deleted_at) VALUES (27, '9788845292613', true, '2026-02-16 23:43:24.237788+01', '2026-02-16 23:43:24.237788+01', NULL);
INSERT INTO public.user_books (user_id, book_isbn, is_available, created_at, updated_at, deleted_at) VALUES (28, '880446030X', true, '2026-02-16 23:43:24.455743+01', '2026-02-16 23:43:24.455743+01', NULL);
INSERT INTO public.user_books (user_id, book_isbn, is_available, created_at, updated_at, deleted_at) VALUES (28, '9788804561132', true, '2026-02-16 23:43:24.459637+01', '2026-02-16 23:43:24.459637+01', NULL);
INSERT INTO public.user_books (user_id, book_isbn, is_available, created_at, updated_at, deleted_at) VALUES (28, '9788804620907', true, '2026-02-16 23:43:24.461376+01', '2026-02-16 23:43:24.461376+01', NULL);
INSERT INTO public.user_books (user_id, book_isbn, is_available, created_at, updated_at, deleted_at) VALUES (29, '9783498064341', true, '2026-02-16 23:43:24.680569+01', '2026-02-16 23:43:24.680569+01', NULL);
INSERT INTO public.user_books (user_id, book_isbn, is_available, created_at, updated_at, deleted_at) VALUES (29, '9788804561132', true, '2026-02-16 23:43:24.682466+01', '2026-02-16 23:43:24.682466+01', NULL);
INSERT INTO public.user_books (user_id, book_isbn, is_available, created_at, updated_at, deleted_at) VALUES (29, '8807015110', true, '2026-02-16 23:43:24.683834+01', '2026-02-16 23:43:24.683834+01', NULL);
INSERT INTO public.user_books (user_id, book_isbn, is_available, created_at, updated_at, deleted_at) VALUES (29, '3642108806', true, '2026-02-16 23:43:24.684903+01', '2026-02-16 23:43:24.684903+01', NULL);
INSERT INTO public.user_books (user_id, book_isbn, is_available, created_at, updated_at, deleted_at) VALUES (30, '9788804700008', true, '2026-02-16 23:43:24.90063+01', '2026-02-16 23:43:24.90063+01', NULL);
INSERT INTO public.user_books (user_id, book_isbn, is_available, created_at, updated_at, deleted_at) VALUES (30, '0345351908', true, '2026-02-16 23:43:24.902322+01', '2026-02-16 23:43:24.902322+01', NULL);
INSERT INTO public.user_books (user_id, book_isbn, is_available, created_at, updated_at, deleted_at) VALUES (30, '880446030X', true, '2026-02-16 23:43:24.903938+01', '2026-02-16 23:43:24.903938+01', NULL);
INSERT INTO public.user_books (user_id, book_isbn, is_available, created_at, updated_at, deleted_at) VALUES (30, '8848001025', true, '2026-02-16 23:43:24.905485+01', '2026-02-16 23:43:24.905485+01', NULL);
INSERT INTO public.user_books (user_id, book_isbn, is_available, created_at, updated_at, deleted_at) VALUES (31, '9788817040990', true, '2026-02-16 23:43:25.124251+01', '2026-02-16 23:43:25.124251+01', NULL);
INSERT INTO public.user_books (user_id, book_isbn, is_available, created_at, updated_at, deleted_at) VALUES (31, '8877383380', true, '2026-02-16 23:43:25.126691+01', '2026-02-16 23:43:25.126691+01', NULL);
INSERT INTO public.user_books (user_id, book_isbn, is_available, created_at, updated_at, deleted_at) VALUES (31, '9788831003380', true, '2026-02-16 23:43:25.128687+01', '2026-02-16 23:43:25.128687+01', NULL);
INSERT INTO public.user_books (user_id, book_isbn, is_available, created_at, updated_at, deleted_at) VALUES (31, '9788804700008', true, '2026-02-16 23:43:25.129725+01', '2026-02-16 23:43:25.129725+01', NULL);
INSERT INTO public.user_books (user_id, book_isbn, is_available, created_at, updated_at, deleted_at) VALUES (18, '8804657111', true, '2026-02-16 23:43:22.246237+01', '2026-02-16 23:48:19.845895+01', NULL);
INSERT INTO public.user_books (user_id, book_isbn, is_available, created_at, updated_at, deleted_at) VALUES (32, '9788831003380', false, '2026-02-16 23:43:25.345814+01', '2026-02-17 16:13:30.724882+01', NULL);
INSERT INTO public.user_books (user_id, book_isbn, is_available, created_at, updated_at, deleted_at) VALUES (23, '9788811672364', false, '2026-02-16 23:43:23.352255+01', '2026-02-17 16:13:30.724882+01', NULL);
INSERT INTO public.user_books (user_id, book_isbn, is_available, created_at, updated_at, deleted_at) VALUES (28, '9788845292620', false, '2026-02-16 23:43:24.457482+01', '2026-02-17 16:15:02.889869+01', NULL);
INSERT INTO public.user_books (user_id, book_isbn, is_available, created_at, updated_at, deleted_at) VALUES (6, '9788877827029', false, '2026-02-08 19:41:38.773607+01', '2026-02-17 16:15:02.889869+01', NULL);
INSERT INTO public.user_books (user_id, book_isbn, is_available, created_at, updated_at, deleted_at) VALUES (13, '8804574674', false, '2026-02-15 18:46:03.822659+01', '2026-02-17 16:15:02.889869+01', NULL);
INSERT INTO public.user_books (user_id, book_isbn, is_available, created_at, updated_at, deleted_at) VALUES (32, '9788831004175', true, '2026-02-16 23:43:25.34709+01', '2026-02-16 23:43:25.34709+01', NULL);
INSERT INTO public.user_books (user_id, book_isbn, is_available, created_at, updated_at, deleted_at) VALUES (33, '9789997498038', true, '2026-02-16 23:43:25.565669+01', '2026-02-16 23:43:25.565669+01', NULL);
INSERT INTO public.user_books (user_id, book_isbn, is_available, created_at, updated_at, deleted_at) VALUES (33, '019831759X', true, '2026-02-16 23:43:25.567049+01', '2026-02-16 23:43:25.567049+01', NULL);
INSERT INTO public.user_books (user_id, book_isbn, is_available, created_at, updated_at, deleted_at) VALUES (33, '2259221866', true, '2026-02-16 23:43:25.568178+01', '2026-02-16 23:43:25.568178+01', NULL);
INSERT INTO public.user_books (user_id, book_isbn, is_available, created_at, updated_at, deleted_at) VALUES (34, '9788831004175', true, '2026-02-16 23:43:25.784955+01', '2026-02-16 23:43:25.784955+01', NULL);
INSERT INTO public.user_books (user_id, book_isbn, is_available, created_at, updated_at, deleted_at) VALUES (34, '9788804616351', true, '2026-02-16 23:43:25.786818+01', '2026-02-16 23:43:25.786818+01', NULL);
INSERT INTO public.user_books (user_id, book_isbn, is_available, created_at, updated_at, deleted_at) VALUES (35, '8804574674', true, '2026-02-16 23:43:26.004342+01', '2026-02-16 23:43:26.004342+01', NULL);
INSERT INTO public.user_books (user_id, book_isbn, is_available, created_at, updated_at, deleted_at) VALUES (35, '8877383380', true, '2026-02-16 23:43:26.006497+01', '2026-02-16 23:43:26.006497+01', NULL);
INSERT INTO public.user_books (user_id, book_isbn, is_available, created_at, updated_at, deleted_at) VALUES (35, '9780000000001', true, '2026-02-16 23:43:26.008832+01', '2026-02-16 23:43:26.008832+01', NULL);
INSERT INTO public.user_books (user_id, book_isbn, is_available, created_at, updated_at, deleted_at) VALUES (36, '8817057428', true, '2026-02-16 23:43:26.228165+01', '2026-02-16 23:43:26.228165+01', NULL);
INSERT INTO public.user_books (user_id, book_isbn, is_available, created_at, updated_at, deleted_at) VALUES (36, '8817080667', true, '2026-02-16 23:43:26.230343+01', '2026-02-16 23:43:26.230343+01', NULL);
INSERT INTO public.user_books (user_id, book_isbn, is_available, created_at, updated_at, deleted_at) VALUES (36, '9780000000001', true, '2026-02-16 23:43:26.232593+01', '2026-02-16 23:43:26.232593+01', NULL);
INSERT INTO public.user_books (user_id, book_isbn, is_available, created_at, updated_at, deleted_at) VALUES (37, '8804797037', true, '2026-02-16 23:43:26.451762+01', '2026-02-16 23:43:26.451762+01', NULL);
INSERT INTO public.user_books (user_id, book_isbn, is_available, created_at, updated_at, deleted_at) VALUES (37, '9788804700008', true, '2026-02-16 23:43:26.453292+01', '2026-02-16 23:43:26.453292+01', NULL);
INSERT INTO public.user_books (user_id, book_isbn, is_available, created_at, updated_at, deleted_at) VALUES (37, '8877383380', true, '2026-02-16 23:43:26.454777+01', '2026-02-16 23:43:26.454777+01', NULL);
INSERT INTO public.user_books (user_id, book_isbn, is_available, created_at, updated_at, deleted_at) VALUES (37, '1910213039', true, '2026-02-16 23:43:26.456226+01', '2026-02-16 23:43:26.456226+01', NULL);
INSERT INTO public.user_books (user_id, book_isbn, is_available, created_at, updated_at, deleted_at) VALUES (38, '9788804665168', true, '2026-02-16 23:43:26.674138+01', '2026-02-16 23:43:26.674138+01', NULL);
INSERT INTO public.user_books (user_id, book_isbn, is_available, created_at, updated_at, deleted_at) VALUES (38, '9788560280940', true, '2026-02-16 23:43:26.6753+01', '2026-02-16 23:43:26.6753+01', NULL);
INSERT INTO public.user_books (user_id, book_isbn, is_available, created_at, updated_at, deleted_at) VALUES (38, '9781291719864', true, '2026-02-16 23:43:26.676446+01', '2026-02-16 23:43:26.676446+01', NULL);
INSERT INTO public.user_books (user_id, book_isbn, is_available, created_at, updated_at, deleted_at) VALUES (38, '9788804617112', true, '2026-02-16 23:43:26.677889+01', '2026-02-16 23:43:26.677889+01', NULL);
INSERT INTO public.user_books (user_id, book_isbn, is_available, created_at, updated_at, deleted_at) VALUES (39, '9788804579243', true, '2026-02-16 23:43:26.893714+01', '2026-02-16 23:43:26.893714+01', NULL);
INSERT INTO public.user_books (user_id, book_isbn, is_available, created_at, updated_at, deleted_at) VALUES (39, '9788804700015', true, '2026-02-16 23:43:26.894948+01', '2026-02-16 23:43:26.894948+01', NULL);
INSERT INTO public.user_books (user_id, book_isbn, is_available, created_at, updated_at, deleted_at) VALUES (39, '9787532731077', true, '2026-02-16 23:43:26.896302+01', '2026-02-16 23:43:26.896302+01', NULL);
INSERT INTO public.user_books (user_id, book_isbn, is_available, created_at, updated_at, deleted_at) VALUES (40, '9788817006347', true, '2026-02-16 23:43:27.114021+01', '2026-02-16 23:43:27.114021+01', NULL);
INSERT INTO public.user_books (user_id, book_isbn, is_available, created_at, updated_at, deleted_at) VALUES (40, '9788804665168', true, '2026-02-16 23:43:27.115495+01', '2026-02-16 23:43:27.115495+01', NULL);
INSERT INTO public.user_books (user_id, book_isbn, is_available, created_at, updated_at, deleted_at) VALUES (41, '8483107406', true, '2026-02-16 23:43:27.333361+01', '2026-02-16 23:43:27.333361+01', NULL);
INSERT INTO public.user_books (user_id, book_isbn, is_available, created_at, updated_at, deleted_at) VALUES (41, '8817042021', true, '2026-02-16 23:43:27.334602+01', '2026-02-16 23:43:27.334602+01', NULL);
INSERT INTO public.user_books (user_id, book_isbn, is_available, created_at, updated_at, deleted_at) VALUES (42, '9788845292606', true, '2026-02-16 23:43:27.551649+01', '2026-02-16 23:43:27.551649+01', NULL);
INSERT INTO public.user_books (user_id, book_isbn, is_available, created_at, updated_at, deleted_at) VALUES (42, '9788831003403', true, '2026-02-16 23:43:27.55319+01', '2026-02-16 23:43:27.55319+01', NULL);
INSERT INTO public.user_books (user_id, book_isbn, is_available, created_at, updated_at, deleted_at) VALUES (43, '8804582863', true, '2026-02-16 23:43:27.769667+01', '2026-02-16 23:43:27.769667+01', NULL);
INSERT INTO public.user_books (user_id, book_isbn, is_available, created_at, updated_at, deleted_at) VALUES (43, '8804644494', true, '2026-02-16 23:43:27.77114+01', '2026-02-16 23:43:27.77114+01', NULL);
INSERT INTO public.user_books (user_id, book_isbn, is_available, created_at, updated_at, deleted_at) VALUES (43, '9780205632633', true, '2026-02-16 23:43:27.772016+01', '2026-02-16 23:43:27.772016+01', NULL);
INSERT INTO public.user_books (user_id, book_isbn, is_available, created_at, updated_at, deleted_at) VALUES (44, '8817331589', true, '2026-02-16 23:43:27.989964+01', '2026-02-16 23:43:27.989964+01', NULL);
INSERT INTO public.user_books (user_id, book_isbn, is_available, created_at, updated_at, deleted_at) VALUES (44, '9788831003397', true, '2026-02-16 23:43:27.991378+01', '2026-02-16 23:43:27.991378+01', NULL);
INSERT INTO public.user_books (user_id, book_isbn, is_available, created_at, updated_at, deleted_at) VALUES (45, '8804574674', true, '2026-02-16 23:43:28.209151+01', '2026-02-16 23:43:28.209151+01', NULL);
INSERT INTO public.user_books (user_id, book_isbn, is_available, created_at, updated_at, deleted_at) VALUES (45, '9788560280940', true, '2026-02-16 23:43:28.210814+01', '2026-02-16 23:43:28.210814+01', NULL);
INSERT INTO public.user_books (user_id, book_isbn, is_available, created_at, updated_at, deleted_at) VALUES (46, '884301840X', true, '2026-02-16 23:43:28.431223+01', '2026-02-16 23:43:28.431223+01', NULL);
INSERT INTO public.user_books (user_id, book_isbn, is_available, created_at, updated_at, deleted_at) VALUES (47, '9788804616351', true, '2026-02-16 23:43:28.649921+01', '2026-02-16 23:43:28.649921+01', NULL);
INSERT INTO public.user_books (user_id, book_isbn, is_available, created_at, updated_at, deleted_at) VALUES (47, '9788804617112', true, '2026-02-16 23:43:28.651286+01', '2026-02-16 23:43:28.651286+01', NULL);
INSERT INTO public.user_books (user_id, book_isbn, is_available, created_at, updated_at, deleted_at) VALUES (47, '8848000029', true, '2026-02-16 23:43:28.65233+01', '2026-02-16 23:43:28.65233+01', NULL);
INSERT INTO public.user_books (user_id, book_isbn, is_available, created_at, updated_at, deleted_at) VALUES (47, '8804797037', true, '2026-02-16 23:43:28.653918+01', '2026-02-16 23:43:28.653918+01', NULL);
INSERT INTO public.user_books (user_id, book_isbn, is_available, created_at, updated_at, deleted_at) VALUES (48, '2259221866', true, '2026-02-16 23:43:28.87084+01', '2026-02-16 23:43:28.87084+01', NULL);
INSERT INTO public.user_books (user_id, book_isbn, is_available, created_at, updated_at, deleted_at) VALUES (48, '9788831004175', true, '2026-02-16 23:43:28.8725+01', '2026-02-16 23:43:28.8725+01', NULL);
INSERT INTO public.user_books (user_id, book_isbn, is_available, created_at, updated_at, deleted_at) VALUES (48, '8804657111', true, '2026-02-16 23:43:28.874194+01', '2026-02-16 23:43:28.874194+01', NULL);
INSERT INTO public.user_books (user_id, book_isbn, is_available, created_at, updated_at, deleted_at) VALUES (49, '9788804659153', true, '2026-02-16 23:43:29.091384+01', '2026-02-16 23:43:29.091384+01', NULL);
INSERT INTO public.user_books (user_id, book_isbn, is_available, created_at, updated_at, deleted_at) VALUES (49, '9783498064341', true, '2026-02-16 23:43:29.092802+01', '2026-02-16 23:43:29.092802+01', NULL);
INSERT INTO public.user_books (user_id, book_isbn, is_available, created_at, updated_at, deleted_at) VALUES (49, '9788804700022', true, '2026-02-16 23:43:29.094443+01', '2026-02-16 23:43:29.094443+01', NULL);
INSERT INTO public.user_books (user_id, book_isbn, is_available, created_at, updated_at, deleted_at) VALUES (50, '9787532731077', true, '2026-02-16 23:43:29.311061+01', '2026-02-16 23:43:29.311061+01', NULL);
INSERT INTO public.user_books (user_id, book_isbn, is_available, created_at, updated_at, deleted_at) VALUES (50, '880446030X', true, '2026-02-16 23:43:29.313169+01', '2026-02-16 23:43:29.313169+01', NULL);
INSERT INTO public.user_books (user_id, book_isbn, is_available, created_at, updated_at, deleted_at) VALUES (51, '9788845907296', true, '2026-02-16 23:43:29.528922+01', '2026-02-16 23:43:29.528922+01', NULL);
INSERT INTO public.user_books (user_id, book_isbn, is_available, created_at, updated_at, deleted_at) VALUES (51, '9788804665168', true, '2026-02-16 23:43:29.530063+01', '2026-02-16 23:43:29.530063+01', NULL);
INSERT INTO public.user_books (user_id, book_isbn, is_available, created_at, updated_at, deleted_at) VALUES (51, '9788806147815', true, '2026-02-16 23:43:29.531076+01', '2026-02-16 23:43:29.531076+01', NULL);
INSERT INTO public.user_books (user_id, book_isbn, is_available, created_at, updated_at, deleted_at) VALUES (52, '9788831003380', true, '2026-02-16 23:43:29.749058+01', '2026-02-16 23:43:29.749058+01', NULL);
INSERT INTO public.user_books (user_id, book_isbn, is_available, created_at, updated_at, deleted_at) VALUES (52, '9788804665168', true, '2026-02-16 23:43:29.750266+01', '2026-02-16 23:43:29.750266+01', NULL);
INSERT INTO public.user_books (user_id, book_isbn, is_available, created_at, updated_at, deleted_at) VALUES (52, '9788845907296', true, '2026-02-16 23:43:29.75137+01', '2026-02-16 23:43:29.75137+01', NULL);
INSERT INTO public.user_books (user_id, book_isbn, is_available, created_at, updated_at, deleted_at) VALUES (53, '9788804617112', true, '2026-02-16 23:43:29.9672+01', '2026-02-16 23:43:29.9672+01', NULL);
INSERT INTO public.user_books (user_id, book_isbn, is_available, created_at, updated_at, deleted_at) VALUES (53, '9788817040990', true, '2026-02-16 23:43:29.96835+01', '2026-02-16 23:43:29.96835+01', NULL);
INSERT INTO public.user_books (user_id, book_isbn, is_available, created_at, updated_at, deleted_at) VALUES (54, '9788804579243', true, '2026-02-16 23:43:30.18775+01', '2026-02-16 23:43:30.18775+01', NULL);
INSERT INTO public.user_books (user_id, book_isbn, is_available, created_at, updated_at, deleted_at) VALUES (54, '9788817080675', true, '2026-02-16 23:43:30.189076+01', '2026-02-16 23:43:30.189076+01', NULL);
INSERT INTO public.user_books (user_id, book_isbn, is_available, created_at, updated_at, deleted_at) VALUES (54, '9788831004175', true, '2026-02-16 23:43:30.191261+01', '2026-02-16 23:43:30.191261+01', NULL);
INSERT INTO public.user_books (user_id, book_isbn, is_available, created_at, updated_at, deleted_at) VALUES (54, '881715010X', true, '2026-02-16 23:43:30.192851+01', '2026-02-16 23:43:30.192851+01', NULL);
INSERT INTO public.user_books (user_id, book_isbn, is_available, created_at, updated_at, deleted_at) VALUES (55, '9788877827029', true, '2026-02-16 23:43:30.409261+01', '2026-02-16 23:43:30.409261+01', NULL);
INSERT INTO public.user_books (user_id, book_isbn, is_available, created_at, updated_at, deleted_at) VALUES (55, '9781291719864', true, '2026-02-16 23:43:30.410436+01', '2026-02-16 23:43:30.410436+01', NULL);
INSERT INTO public.user_books (user_id, book_isbn, is_available, created_at, updated_at, deleted_at) VALUES (55, '8817080667', true, '2026-02-16 23:43:30.411709+01', '2026-02-16 23:43:30.411709+01', NULL);
INSERT INTO public.user_books (user_id, book_isbn, is_available, created_at, updated_at, deleted_at) VALUES (55, '9788560280940', true, '2026-02-16 23:43:30.412806+01', '2026-02-16 23:43:30.412806+01', NULL);
INSERT INTO public.user_books (user_id, book_isbn, is_available, created_at, updated_at, deleted_at) VALUES (56, '9788845292620', true, '2026-02-16 23:43:30.630755+01', '2026-02-16 23:43:30.630755+01', NULL);
INSERT INTO public.user_books (user_id, book_isbn, is_available, created_at, updated_at, deleted_at) VALUES (56, '9788804617112', true, '2026-02-16 23:43:30.63287+01', '2026-02-16 23:43:30.63287+01', NULL);
INSERT INTO public.user_books (user_id, book_isbn, is_available, created_at, updated_at, deleted_at) VALUES (57, '9025421962', true, '2026-02-16 23:43:30.85115+01', '2026-02-16 23:43:30.85115+01', NULL);
INSERT INTO public.user_books (user_id, book_isbn, is_available, created_at, updated_at, deleted_at) VALUES (57, '9788804700015', true, '2026-02-16 23:43:30.852906+01', '2026-02-16 23:43:30.852906+01', NULL);
INSERT INTO public.user_books (user_id, book_isbn, is_available, created_at, updated_at, deleted_at) VALUES (57, '9787532731077', true, '2026-02-16 23:43:30.854641+01', '2026-02-16 23:43:30.854641+01', NULL);
INSERT INTO public.user_books (user_id, book_isbn, is_available, created_at, updated_at, deleted_at) VALUES (58, '9788845292613', true, '2026-02-16 23:43:31.075263+01', '2026-02-16 23:43:31.075263+01', NULL);
INSERT INTO public.user_books (user_id, book_isbn, is_available, created_at, updated_at, deleted_at) VALUES (58, '9787532731077', true, '2026-02-16 23:43:31.077403+01', '2026-02-16 23:43:31.077403+01', NULL);
INSERT INTO public.user_books (user_id, book_isbn, is_available, created_at, updated_at, deleted_at) VALUES (58, '9788830104716', true, '2026-02-16 23:43:31.078966+01', '2026-02-16 23:43:31.078966+01', NULL);
INSERT INTO public.user_books (user_id, book_isbn, is_available, created_at, updated_at, deleted_at) VALUES (59, '9788804700022', true, '2026-02-16 23:43:31.295578+01', '2026-02-16 23:43:31.295578+01', NULL);
INSERT INTO public.user_books (user_id, book_isbn, is_available, created_at, updated_at, deleted_at) VALUES (59, '0141959959', true, '2026-02-16 23:43:31.296864+01', '2026-02-16 23:43:31.296864+01', NULL);
INSERT INTO public.user_books (user_id, book_isbn, is_available, created_at, updated_at, deleted_at) VALUES (59, '884591335X', true, '2026-02-16 23:43:31.298112+01', '2026-02-16 23:43:31.298112+01', NULL);
INSERT INTO public.user_books (user_id, book_isbn, is_available, created_at, updated_at, deleted_at) VALUES (60, '9788845292606', true, '2026-02-16 23:43:31.51609+01', '2026-02-16 23:43:31.51609+01', NULL);
INSERT INTO public.user_books (user_id, book_isbn, is_available, created_at, updated_at, deleted_at) VALUES (60, '8804613424', true, '2026-02-16 23:43:31.5182+01', '2026-02-16 23:43:31.5182+01', NULL);
INSERT INTO public.user_books (user_id, book_isbn, is_available, created_at, updated_at, deleted_at) VALUES (61, '9781482939682', true, '2026-02-16 23:43:31.73443+01', '2026-02-16 23:43:31.73443+01', NULL);
INSERT INTO public.user_books (user_id, book_isbn, is_available, created_at, updated_at, deleted_at) VALUES (61, '9788804659153', true, '2026-02-16 23:43:31.735554+01', '2026-02-16 23:43:31.735554+01', NULL);
INSERT INTO public.user_books (user_id, book_isbn, is_available, created_at, updated_at, deleted_at) VALUES (61, '8817080667', true, '2026-02-16 23:43:31.737263+01', '2026-02-16 23:43:31.737263+01', NULL);
INSERT INTO public.user_books (user_id, book_isbn, is_available, created_at, updated_at, deleted_at) VALUES (61, '9788817006347', true, '2026-02-16 23:43:31.738578+01', '2026-02-16 23:43:31.738578+01', NULL);
INSERT INTO public.user_books (user_id, book_isbn, is_available, created_at, updated_at, deleted_at) VALUES (62, '9780205632633', true, '2026-02-16 23:43:31.95553+01', '2026-02-16 23:43:31.95553+01', NULL);
INSERT INTO public.user_books (user_id, book_isbn, is_available, created_at, updated_at, deleted_at) VALUES (62, '9788467058512', true, '2026-02-16 23:43:31.957036+01', '2026-02-16 23:43:31.957036+01', NULL);
INSERT INTO public.user_books (user_id, book_isbn, is_available, created_at, updated_at, deleted_at) VALUES (62, '8804644494', true, '2026-02-16 23:43:31.958095+01', '2026-02-16 23:43:31.958095+01', NULL);
INSERT INTO public.user_books (user_id, book_isbn, is_available, created_at, updated_at, deleted_at) VALUES (62, '8817057428', true, '2026-02-16 23:43:31.959424+01', '2026-02-16 23:43:31.959424+01', NULL);
INSERT INTO public.user_books (user_id, book_isbn, is_available, created_at, updated_at, deleted_at) VALUES (63, '8804657111', true, '2026-02-16 23:43:32.17498+01', '2026-02-16 23:43:32.17498+01', NULL);
INSERT INTO public.user_books (user_id, book_isbn, is_available, created_at, updated_at, deleted_at) VALUES (63, '8807015110', true, '2026-02-16 23:43:32.177817+01', '2026-02-16 23:43:32.177817+01', NULL);
INSERT INTO public.user_books (user_id, book_isbn, is_available, created_at, updated_at, deleted_at) VALUES (64, '9798590501670', true, '2026-02-16 23:43:32.395068+01', '2026-02-16 23:43:32.395068+01', NULL);
INSERT INTO public.user_books (user_id, book_isbn, is_available, created_at, updated_at, deleted_at) VALUES (64, '9788804616351', true, '2026-02-16 23:43:32.397085+01', '2026-02-16 23:43:32.397085+01', NULL);
INSERT INTO public.user_books (user_id, book_isbn, is_available, created_at, updated_at, deleted_at) VALUES (65, '2259221866', true, '2026-02-16 23:43:32.618816+01', '2026-02-16 23:43:32.618816+01', NULL);
INSERT INTO public.user_books (user_id, book_isbn, is_available, created_at, updated_at, deleted_at) VALUES (65, '8804532971', true, '2026-02-16 23:43:32.61997+01', '2026-02-16 23:43:32.61997+01', NULL);
INSERT INTO public.user_books (user_id, book_isbn, is_available, created_at, updated_at, deleted_at) VALUES (66, '8804574674', true, '2026-02-16 23:43:32.836968+01', '2026-02-16 23:43:32.836968+01', NULL);
INSERT INTO public.user_books (user_id, book_isbn, is_available, created_at, updated_at, deleted_at) VALUES (66, '884301840X', true, '2026-02-16 23:43:32.838097+01', '2026-02-16 23:43:32.838097+01', NULL);
INSERT INTO public.user_books (user_id, book_isbn, is_available, created_at, updated_at, deleted_at) VALUES (66, '9025421962', true, '2026-02-16 23:43:32.839023+01', '2026-02-16 23:43:32.839023+01', NULL);
INSERT INTO public.user_books (user_id, book_isbn, is_available, created_at, updated_at, deleted_at) VALUES (66, '9780912946313', true, '2026-02-16 23:43:32.841234+01', '2026-02-16 23:43:32.841234+01', NULL);
INSERT INTO public.user_books (user_id, book_isbn, is_available, created_at, updated_at, deleted_at) VALUES (67, '9788804620907', true, '2026-02-16 23:43:33.059528+01', '2026-02-16 23:43:33.059528+01', NULL);
INSERT INTO public.user_books (user_id, book_isbn, is_available, created_at, updated_at, deleted_at) VALUES (67, '9788804668230', true, '2026-02-16 23:43:33.061273+01', '2026-02-16 23:43:33.061273+01', NULL);
INSERT INTO public.user_books (user_id, book_isbn, is_available, created_at, updated_at, deleted_at) VALUES (68, '881715010X', true, '2026-02-16 23:43:33.278566+01', '2026-02-16 23:43:33.278566+01', NULL);
INSERT INTO public.user_books (user_id, book_isbn, is_available, created_at, updated_at, deleted_at) VALUES (68, '9788806147815', true, '2026-02-16 23:43:33.279793+01', '2026-02-16 23:43:33.279793+01', NULL);
INSERT INTO public.user_books (user_id, book_isbn, is_available, created_at, updated_at, deleted_at) VALUES (69, '9788831004175', true, '2026-02-16 23:43:33.496508+01', '2026-02-16 23:43:33.496508+01', NULL);
INSERT INTO public.user_books (user_id, book_isbn, is_available, created_at, updated_at, deleted_at) VALUES (69, '9788845292613', true, '2026-02-16 23:43:33.497875+01', '2026-02-16 23:43:33.497875+01', NULL);
INSERT INTO public.user_books (user_id, book_isbn, is_available, created_at, updated_at, deleted_at) VALUES (69, '9788831003403', true, '2026-02-16 23:43:33.498743+01', '2026-02-16 23:43:33.498743+01', NULL);
INSERT INTO public.user_books (user_id, book_isbn, is_available, created_at, updated_at, deleted_at) VALUES (70, '9780000000001', true, '2026-02-16 23:43:33.717069+01', '2026-02-16 23:43:33.717069+01', NULL);
INSERT INTO public.user_books (user_id, book_isbn, is_available, created_at, updated_at, deleted_at) VALUES (70, '9788804620907', true, '2026-02-16 23:43:33.718124+01', '2026-02-16 23:43:33.718124+01', NULL);
INSERT INTO public.user_books (user_id, book_isbn, is_available, created_at, updated_at, deleted_at) VALUES (70, '8804579242', true, '2026-02-16 23:43:33.719065+01', '2026-02-16 23:43:33.719065+01', NULL);
INSERT INTO public.user_books (user_id, book_isbn, is_available, created_at, updated_at, deleted_at) VALUES (71, '8804582863', true, '2026-02-16 23:43:33.934584+01', '2026-02-16 23:43:33.934584+01', NULL);
INSERT INTO public.user_books (user_id, book_isbn, is_available, created_at, updated_at, deleted_at) VALUES (71, '9788804700022', true, '2026-02-16 23:43:33.935713+01', '2026-02-16 23:43:33.935713+01', NULL);
INSERT INTO public.user_books (user_id, book_isbn, is_available, created_at, updated_at, deleted_at) VALUES (71, '9788560280940', true, '2026-02-16 23:43:33.937271+01', '2026-02-16 23:43:33.937271+01', NULL);
INSERT INTO public.user_books (user_id, book_isbn, is_available, created_at, updated_at, deleted_at) VALUES (71, '8804657111', true, '2026-02-16 23:43:33.938718+01', '2026-02-16 23:43:33.938718+01', NULL);
INSERT INTO public.user_books (user_id, book_isbn, is_available, created_at, updated_at, deleted_at) VALUES (72, '9788804665168', true, '2026-02-16 23:43:34.155567+01', '2026-02-16 23:43:34.155567+01', NULL);
INSERT INTO public.user_books (user_id, book_isbn, is_available, created_at, updated_at, deleted_at) VALUES (72, '9788871882925', true, '2026-02-16 23:43:34.156865+01', '2026-02-16 23:43:34.156865+01', NULL);
INSERT INTO public.user_books (user_id, book_isbn, is_available, created_at, updated_at, deleted_at) VALUES (72, '9780000000001', true, '2026-02-16 23:43:34.158632+01', '2026-02-16 23:43:34.158632+01', NULL);
INSERT INTO public.user_books (user_id, book_isbn, is_available, created_at, updated_at, deleted_at) VALUES (72, '9788804700015', true, '2026-02-16 23:43:34.159942+01', '2026-02-16 23:43:34.159942+01', NULL);
INSERT INTO public.user_books (user_id, book_isbn, is_available, created_at, updated_at, deleted_at) VALUES (73, '8804574674', true, '2026-02-16 23:43:34.376927+01', '2026-02-16 23:43:34.376927+01', NULL);
INSERT INTO public.user_books (user_id, book_isbn, is_available, created_at, updated_at, deleted_at) VALUES (50, '9788848006422', true, '2026-02-16 23:43:29.312179+01', '2026-02-17 00:30:54.673292+01', '2026-02-17 00:30:54.673292+01');
INSERT INTO public.user_books (user_id, book_isbn, is_available, created_at, updated_at, deleted_at) VALUES (64, '9788830104716', false, '2026-02-16 23:43:32.400164+01', '2026-02-17 16:13:30.724882+01', NULL);
INSERT INTO public.user_books (user_id, book_isbn, is_available, created_at, updated_at, deleted_at) VALUES (56, '8848001025', false, '2026-02-16 23:43:30.631885+01', '2026-02-17 16:13:30.724882+01', NULL);
INSERT INTO public.user_books (user_id, book_isbn, is_available, created_at, updated_at, deleted_at) VALUES (65, '884591335X', false, '2026-02-16 23:43:32.617493+01', '2026-02-17 16:15:02.889869+01', NULL);
INSERT INTO public.user_books (user_id, book_isbn, is_available, created_at, updated_at, deleted_at) VALUES (46, '9788845292613', false, '2026-02-16 23:43:28.428505+01', '2026-02-17 16:15:02.889869+01', NULL);
INSERT INTO public.user_books (user_id, book_isbn, is_available, created_at, updated_at, deleted_at) VALUES (73, '9788845292620', true, '2026-02-16 23:43:34.378035+01', '2026-02-16 23:43:34.378035+01', NULL);
INSERT INTO public.user_books (user_id, book_isbn, is_available, created_at, updated_at, deleted_at) VALUES (74, '9788804617112', true, '2026-02-16 23:43:34.594577+01', '2026-02-16 23:43:34.594577+01', NULL);
INSERT INTO public.user_books (user_id, book_isbn, is_available, created_at, updated_at, deleted_at) VALUES (74, '9780205632633', true, '2026-02-16 23:43:34.596076+01', '2026-02-16 23:43:34.596076+01', NULL);
INSERT INTO public.user_books (user_id, book_isbn, is_available, created_at, updated_at, deleted_at) VALUES (74, '9788804659153', true, '2026-02-16 23:43:34.597283+01', '2026-02-16 23:43:34.597283+01', NULL);
INSERT INTO public.user_books (user_id, book_isbn, is_available, created_at, updated_at, deleted_at) VALUES (75, '8804532971', true, '2026-02-16 23:43:34.813776+01', '2026-02-16 23:43:34.813776+01', NULL);
INSERT INTO public.user_books (user_id, book_isbn, is_available, created_at, updated_at, deleted_at) VALUES (75, '9788831003380', true, '2026-02-16 23:43:34.815107+01', '2026-02-16 23:43:34.815107+01', NULL);
INSERT INTO public.user_books (user_id, book_isbn, is_available, created_at, updated_at, deleted_at) VALUES (76, '9780205632633', true, '2026-02-16 23:43:35.033966+01', '2026-02-16 23:43:35.033966+01', NULL);
INSERT INTO public.user_books (user_id, book_isbn, is_available, created_at, updated_at, deleted_at) VALUES (77, '9788817040990', true, '2026-02-16 23:43:35.251525+01', '2026-02-16 23:43:35.251525+01', NULL);
INSERT INTO public.user_books (user_id, book_isbn, is_available, created_at, updated_at, deleted_at) VALUES (77, '9789997498038', true, '2026-02-16 23:43:35.252922+01', '2026-02-16 23:43:35.252922+01', NULL);
INSERT INTO public.user_books (user_id, book_isbn, is_available, created_at, updated_at, deleted_at) VALUES (78, '9788871882925', true, '2026-02-16 23:43:35.468994+01', '2026-02-16 23:43:35.468994+01', NULL);
INSERT INTO public.user_books (user_id, book_isbn, is_available, created_at, updated_at, deleted_at) VALUES (78, '8807015110', true, '2026-02-16 23:43:35.470642+01', '2026-02-16 23:43:35.470642+01', NULL);
INSERT INTO public.user_books (user_id, book_isbn, is_available, created_at, updated_at, deleted_at) VALUES (78, '881715010X', true, '2026-02-16 23:43:35.471726+01', '2026-02-16 23:43:35.471726+01', NULL);
INSERT INTO public.user_books (user_id, book_isbn, is_available, created_at, updated_at, deleted_at) VALUES (79, '9788817040990', true, '2026-02-16 23:43:35.688881+01', '2026-02-16 23:43:35.688881+01', NULL);
INSERT INTO public.user_books (user_id, book_isbn, is_available, created_at, updated_at, deleted_at) VALUES (79, '1910213039', true, '2026-02-16 23:43:35.690374+01', '2026-02-16 23:43:35.690374+01', NULL);
INSERT INTO public.user_books (user_id, book_isbn, is_available, created_at, updated_at, deleted_at) VALUES (79, '9788831003380', true, '2026-02-16 23:43:35.691871+01', '2026-02-16 23:43:35.691871+01', NULL);
INSERT INTO public.user_books (user_id, book_isbn, is_available, created_at, updated_at, deleted_at) VALUES (79, '9781291719864', true, '2026-02-16 23:43:35.693403+01', '2026-02-16 23:43:35.693403+01', NULL);
INSERT INTO public.user_books (user_id, book_isbn, is_available, created_at, updated_at, deleted_at) VALUES (80, '9788871882925', true, '2026-02-16 23:43:35.908775+01', '2026-02-16 23:43:35.908775+01', NULL);
INSERT INTO public.user_books (user_id, book_isbn, is_available, created_at, updated_at, deleted_at) VALUES (80, '9788831003380', true, '2026-02-16 23:43:35.911049+01', '2026-02-16 23:43:35.911049+01', NULL);
INSERT INTO public.user_books (user_id, book_isbn, is_available, created_at, updated_at, deleted_at) VALUES (80, '0141959959', true, '2026-02-16 23:43:35.91218+01', '2026-02-16 23:43:35.91218+01', NULL);
INSERT INTO public.user_books (user_id, book_isbn, is_available, created_at, updated_at, deleted_at) VALUES (81, '8804579242', true, '2026-02-16 23:43:36.131104+01', '2026-02-16 23:43:36.131104+01', NULL);
INSERT INTO public.user_books (user_id, book_isbn, is_available, created_at, updated_at, deleted_at) VALUES (81, '9788804659153', true, '2026-02-16 23:43:36.132473+01', '2026-02-16 23:43:36.132473+01', NULL);
INSERT INTO public.user_books (user_id, book_isbn, is_available, created_at, updated_at, deleted_at) VALUES (82, '9780912946313', true, '2026-02-16 23:43:36.3491+01', '2026-02-16 23:43:36.3491+01', NULL);
INSERT INTO public.user_books (user_id, book_isbn, is_available, created_at, updated_at, deleted_at) VALUES (82, '1101923083', true, '2026-02-16 23:43:36.350274+01', '2026-02-16 23:43:36.350274+01', NULL);
INSERT INTO public.user_books (user_id, book_isbn, is_available, created_at, updated_at, deleted_at) VALUES (83, '9783498064341', true, '2026-02-16 23:43:36.566653+01', '2026-02-16 23:43:36.566653+01', NULL);
INSERT INTO public.user_books (user_id, book_isbn, is_available, created_at, updated_at, deleted_at) VALUES (83, '9788817040990', true, '2026-02-16 23:43:36.567835+01', '2026-02-16 23:43:36.567835+01', NULL);
INSERT INTO public.user_books (user_id, book_isbn, is_available, created_at, updated_at, deleted_at) VALUES (84, '9788845292606', true, '2026-02-16 23:43:36.784242+01', '2026-02-16 23:43:36.784242+01', NULL);
INSERT INTO public.user_books (user_id, book_isbn, is_available, created_at, updated_at, deleted_at) VALUES (84, '9788845292613', true, '2026-02-16 23:43:36.785788+01', '2026-02-16 23:43:36.785788+01', NULL);
INSERT INTO public.user_books (user_id, book_isbn, is_available, created_at, updated_at, deleted_at) VALUES (85, '9788806147815', true, '2026-02-16 23:43:37.002443+01', '2026-02-16 23:43:37.002443+01', NULL);
INSERT INTO public.user_books (user_id, book_isbn, is_available, created_at, updated_at, deleted_at) VALUES (85, '9788467058512', true, '2026-02-16 23:43:37.004439+01', '2026-02-16 23:43:37.004439+01', NULL);
INSERT INTO public.user_books (user_id, book_isbn, is_available, created_at, updated_at, deleted_at) VALUES (86, '9788804620907', true, '2026-02-16 23:43:37.221924+01', '2026-02-16 23:43:37.221924+01', NULL);
INSERT INTO public.user_books (user_id, book_isbn, is_available, created_at, updated_at, deleted_at) VALUES (86, '8804574674', true, '2026-02-16 23:43:37.223695+01', '2026-02-16 23:43:37.223695+01', NULL);
INSERT INTO public.user_books (user_id, book_isbn, is_available, created_at, updated_at, deleted_at) VALUES (87, '8848001025', true, '2026-02-16 23:43:37.441814+01', '2026-02-16 23:43:37.441814+01', NULL);
INSERT INTO public.user_books (user_id, book_isbn, is_available, created_at, updated_at, deleted_at) VALUES (87, '9788811672364', true, '2026-02-16 23:43:37.442987+01', '2026-02-16 23:43:37.442987+01', NULL);
INSERT INTO public.user_books (user_id, book_isbn, is_available, created_at, updated_at, deleted_at) VALUES (88, '880446030X', true, '2026-02-16 23:43:37.660126+01', '2026-02-16 23:43:37.660126+01', NULL);
INSERT INTO public.user_books (user_id, book_isbn, is_available, created_at, updated_at, deleted_at) VALUES (88, '9788831004175', true, '2026-02-16 23:43:37.66146+01', '2026-02-16 23:43:37.66146+01', NULL);
INSERT INTO public.user_books (user_id, book_isbn, is_available, created_at, updated_at, deleted_at) VALUES (88, '9780912946313', true, '2026-02-16 23:43:37.663208+01', '2026-02-16 23:43:37.663208+01', NULL);
INSERT INTO public.user_books (user_id, book_isbn, is_available, created_at, updated_at, deleted_at) VALUES (89, '9788871882925', true, '2026-02-16 23:43:37.879659+01', '2026-02-16 23:43:37.879659+01', NULL);
INSERT INTO public.user_books (user_id, book_isbn, is_available, created_at, updated_at, deleted_at) VALUES (89, '8804532971', true, '2026-02-16 23:43:37.880952+01', '2026-02-16 23:43:37.880952+01', NULL);
INSERT INTO public.user_books (user_id, book_isbn, is_available, created_at, updated_at, deleted_at) VALUES (89, '884591335X', true, '2026-02-16 23:43:37.883448+01', '2026-02-16 23:43:37.883448+01', NULL);
INSERT INTO public.user_books (user_id, book_isbn, is_available, created_at, updated_at, deleted_at) VALUES (90, '9788877827029', true, '2026-02-16 23:43:38.099942+01', '2026-02-16 23:43:38.099942+01', NULL);
INSERT INTO public.user_books (user_id, book_isbn, is_available, created_at, updated_at, deleted_at) VALUES (90, '8804532971', true, '2026-02-16 23:43:38.101188+01', '2026-02-16 23:43:38.101188+01', NULL);
INSERT INTO public.user_books (user_id, book_isbn, is_available, created_at, updated_at, deleted_at) VALUES (90, '8804613424', true, '2026-02-16 23:43:38.102282+01', '2026-02-16 23:43:38.102282+01', NULL);
INSERT INTO public.user_books (user_id, book_isbn, is_available, created_at, updated_at, deleted_at) VALUES (91, '9781482939682', true, '2026-02-16 23:43:38.320202+01', '2026-02-16 23:43:38.320202+01', NULL);
INSERT INTO public.user_books (user_id, book_isbn, is_available, created_at, updated_at, deleted_at) VALUES (91, '9788804700015', true, '2026-02-16 23:43:38.321571+01', '2026-02-16 23:43:38.321571+01', NULL);
INSERT INTO public.user_books (user_id, book_isbn, is_available, created_at, updated_at, deleted_at) VALUES (92, '8817042021', true, '2026-02-16 23:43:38.539187+01', '2026-02-16 23:43:38.539187+01', NULL);
INSERT INTO public.user_books (user_id, book_isbn, is_available, created_at, updated_at, deleted_at) VALUES (92, '1101923083', true, '2026-02-16 23:43:38.541345+01', '2026-02-16 23:43:38.541345+01', NULL);
INSERT INTO public.user_books (user_id, book_isbn, is_available, created_at, updated_at, deleted_at) VALUES (92, '8804582863', true, '2026-02-16 23:43:38.545075+01', '2026-02-16 23:43:38.545075+01', NULL);
INSERT INTO public.user_books (user_id, book_isbn, is_available, created_at, updated_at, deleted_at) VALUES (93, '9788845292606', true, '2026-02-16 23:43:38.763908+01', '2026-02-16 23:43:38.763908+01', NULL);
INSERT INTO public.user_books (user_id, book_isbn, is_available, created_at, updated_at, deleted_at) VALUES (93, '9788831003403', true, '2026-02-16 23:43:38.765057+01', '2026-02-16 23:43:38.765057+01', NULL);
INSERT INTO public.user_books (user_id, book_isbn, is_available, created_at, updated_at, deleted_at) VALUES (93, '9789997498038', true, '2026-02-16 23:43:38.766091+01', '2026-02-16 23:43:38.766091+01', NULL);
INSERT INTO public.user_books (user_id, book_isbn, is_available, created_at, updated_at, deleted_at) VALUES (94, '9025421962', true, '2026-02-16 23:43:38.982723+01', '2026-02-16 23:43:38.982723+01', NULL);
INSERT INTO public.user_books (user_id, book_isbn, is_available, created_at, updated_at, deleted_at) VALUES (94, '8817080667', true, '2026-02-16 23:43:38.98436+01', '2026-02-16 23:43:38.98436+01', NULL);
INSERT INTO public.user_books (user_id, book_isbn, is_available, created_at, updated_at, deleted_at) VALUES (94, '9788831003380', true, '2026-02-16 23:43:38.985927+01', '2026-02-16 23:43:38.985927+01', NULL);
INSERT INTO public.user_books (user_id, book_isbn, is_available, created_at, updated_at, deleted_at) VALUES (95, '9783498064341', true, '2026-02-16 23:43:39.201931+01', '2026-02-16 23:43:39.201931+01', NULL);
INSERT INTO public.user_books (user_id, book_isbn, is_available, created_at, updated_at, deleted_at) VALUES (95, '9780205632633', true, '2026-02-16 23:43:39.203687+01', '2026-02-16 23:43:39.203687+01', NULL);
INSERT INTO public.user_books (user_id, book_isbn, is_available, created_at, updated_at, deleted_at) VALUES (96, '9788830104716', true, '2026-02-16 23:43:39.420534+01', '2026-02-16 23:43:39.420534+01', NULL);
INSERT INTO public.user_books (user_id, book_isbn, is_available, created_at, updated_at, deleted_at) VALUES (96, '8832822687', true, '2026-02-16 23:43:39.421788+01', '2026-02-16 23:43:39.421788+01', NULL);
INSERT INTO public.user_books (user_id, book_isbn, is_available, created_at, updated_at, deleted_at) VALUES (96, '8804532971', true, '2026-02-16 23:43:39.423542+01', '2026-02-16 23:43:39.423542+01', NULL);
INSERT INTO public.user_books (user_id, book_isbn, is_available, created_at, updated_at, deleted_at) VALUES (97, '9788845226342', true, '2026-02-16 23:43:39.641954+01', '2026-02-16 23:43:39.641954+01', NULL);
INSERT INTO public.user_books (user_id, book_isbn, is_available, created_at, updated_at, deleted_at) VALUES (97, '9788560280940', true, '2026-02-16 23:43:39.643288+01', '2026-02-16 23:43:39.643288+01', NULL);
INSERT INTO public.user_books (user_id, book_isbn, is_available, created_at, updated_at, deleted_at) VALUES (98, '9788804700008', true, '2026-02-16 23:43:39.860497+01', '2026-02-16 23:43:39.860497+01', NULL);
INSERT INTO public.user_books (user_id, book_isbn, is_available, created_at, updated_at, deleted_at) VALUES (98, '9788804561132', true, '2026-02-16 23:43:39.861856+01', '2026-02-16 23:43:39.861856+01', NULL);
INSERT INTO public.user_books (user_id, book_isbn, is_available, created_at, updated_at, deleted_at) VALUES (98, '8804582863', true, '2026-02-16 23:43:39.862919+01', '2026-02-16 23:43:39.862919+01', NULL);
INSERT INTO public.user_books (user_id, book_isbn, is_available, created_at, updated_at, deleted_at) VALUES (99, '0345351908', true, '2026-02-16 23:43:40.080089+01', '2026-02-16 23:43:40.080089+01', NULL);
INSERT INTO public.user_books (user_id, book_isbn, is_available, created_at, updated_at, deleted_at) VALUES (99, '9788807421204', true, '2026-02-16 23:43:40.081418+01', '2026-02-16 23:43:40.081418+01', NULL);
INSERT INTO public.user_books (user_id, book_isbn, is_available, created_at, updated_at, deleted_at) VALUES (99, '2259221866', true, '2026-02-16 23:43:40.082689+01', '2026-02-16 23:43:40.082689+01', NULL);
INSERT INTO public.user_books (user_id, book_isbn, is_available, created_at, updated_at, deleted_at) VALUES (100, '8877383380', true, '2026-02-16 23:43:40.303934+01', '2026-02-16 23:43:40.303934+01', NULL);
INSERT INTO public.user_books (user_id, book_isbn, is_available, created_at, updated_at, deleted_at) VALUES (100, '8832822687', true, '2026-02-16 23:43:40.306899+01', '2026-02-16 23:43:40.306899+01', NULL);
INSERT INTO public.user_books (user_id, book_isbn, is_available, created_at, updated_at, deleted_at) VALUES (101, '9788560280940', true, '2026-02-16 23:43:40.523026+01', '2026-02-16 23:43:40.523026+01', NULL);
INSERT INTO public.user_books (user_id, book_isbn, is_available, created_at, updated_at, deleted_at) VALUES (101, '8817080667', true, '2026-02-16 23:43:40.524237+01', '2026-02-16 23:43:40.524237+01', NULL);
INSERT INTO public.user_books (user_id, book_isbn, is_available, created_at, updated_at, deleted_at) VALUES (101, '880446030X', true, '2026-02-16 23:43:40.525064+01', '2026-02-16 23:43:40.525064+01', NULL);
INSERT INTO public.user_books (user_id, book_isbn, is_available, created_at, updated_at, deleted_at) VALUES (101, '9788831003403', true, '2026-02-16 23:43:40.526125+01', '2026-02-16 23:43:40.526125+01', NULL);
INSERT INTO public.user_books (user_id, book_isbn, is_available, created_at, updated_at, deleted_at) VALUES (102, '8832822687', true, '2026-02-16 23:43:40.742383+01', '2026-02-16 23:43:40.742383+01', NULL);
INSERT INTO public.user_books (user_id, book_isbn, is_available, created_at, updated_at, deleted_at) VALUES (102, '9788817080675', true, '2026-02-16 23:43:40.743527+01', '2026-02-16 23:43:40.743527+01', NULL);
INSERT INTO public.user_books (user_id, book_isbn, is_available, created_at, updated_at, deleted_at) VALUES (103, '9788845907296', true, '2026-02-16 23:43:40.959977+01', '2026-02-16 23:43:40.959977+01', NULL);
INSERT INTO public.user_books (user_id, book_isbn, is_available, created_at, updated_at, deleted_at) VALUES (103, '8804582863', true, '2026-02-16 23:43:40.961177+01', '2026-02-16 23:43:40.961177+01', NULL);
INSERT INTO public.user_books (user_id, book_isbn, is_available, created_at, updated_at, deleted_at) VALUES (103, '1419281909', true, '2026-02-16 23:43:40.962004+01', '2026-02-16 23:43:40.962004+01', NULL);
INSERT INTO public.user_books (user_id, book_isbn, is_available, created_at, updated_at, deleted_at) VALUES (103, '9788807421204', true, '2026-02-16 23:43:40.962922+01', '2026-02-16 23:43:40.962922+01', NULL);
INSERT INTO public.user_books (user_id, book_isbn, is_available, created_at, updated_at, deleted_at) VALUES (104, '9788804700008', true, '2026-02-16 23:43:41.179746+01', '2026-02-16 23:43:41.179746+01', NULL);
INSERT INTO public.user_books (user_id, book_isbn, is_available, created_at, updated_at, deleted_at) VALUES (104, '9788831003403', true, '2026-02-16 23:43:41.180953+01', '2026-02-16 23:43:41.180953+01', NULL);
INSERT INTO public.user_books (user_id, book_isbn, is_available, created_at, updated_at, deleted_at) VALUES (105, '9788831003397', true, '2026-02-16 23:43:41.397169+01', '2026-02-16 23:43:41.397169+01', NULL);
INSERT INTO public.user_books (user_id, book_isbn, is_available, created_at, updated_at, deleted_at) VALUES (105, '8804657111', true, '2026-02-16 23:43:41.398407+01', '2026-02-16 23:43:41.398407+01', NULL);
INSERT INTO public.user_books (user_id, book_isbn, is_available, created_at, updated_at, deleted_at) VALUES (106, '9787532731077', true, '2026-02-16 23:43:41.614619+01', '2026-02-16 23:43:41.614619+01', NULL);
INSERT INTO public.user_books (user_id, book_isbn, is_available, created_at, updated_at, deleted_at) VALUES (106, '8807015110', true, '2026-02-16 23:43:41.615812+01', '2026-02-16 23:43:41.615812+01', NULL);
INSERT INTO public.user_books (user_id, book_isbn, is_available, created_at, updated_at, deleted_at) VALUES (106, '9788845910838', true, '2026-02-16 23:43:41.616879+01', '2026-02-16 23:43:41.616879+01', NULL);
INSERT INTO public.user_books (user_id, book_isbn, is_available, created_at, updated_at, deleted_at) VALUES (107, '9780205632633', true, '2026-02-16 23:43:41.833778+01', '2026-02-16 23:43:41.833778+01', NULL);
INSERT INTO public.user_books (user_id, book_isbn, is_available, created_at, updated_at, deleted_at) VALUES (107, '9788845292620', true, '2026-02-16 23:43:41.834933+01', '2026-02-16 23:43:41.834933+01', NULL);
INSERT INTO public.user_books (user_id, book_isbn, is_available, created_at, updated_at, deleted_at) VALUES (107, '9788831003397', true, '2026-02-16 23:43:41.836069+01', '2026-02-16 23:43:41.836069+01', NULL);
INSERT INTO public.user_books (user_id, book_isbn, is_available, created_at, updated_at, deleted_at) VALUES (108, '9788807421204', true, '2026-02-16 23:43:42.052576+01', '2026-02-16 23:43:42.052576+01', NULL);
INSERT INTO public.user_books (user_id, book_isbn, is_available, created_at, updated_at, deleted_at) VALUES (108, '9025421962', true, '2026-02-16 23:43:42.053757+01', '2026-02-16 23:43:42.053757+01', NULL);
INSERT INTO public.user_books (user_id, book_isbn, is_available, created_at, updated_at, deleted_at) VALUES (108, '9788845224652', true, '2026-02-16 23:43:42.054668+01', '2026-02-16 23:43:42.054668+01', NULL);
INSERT INTO public.user_books (user_id, book_isbn, is_available, created_at, updated_at, deleted_at) VALUES (109, '8848001025', true, '2026-02-16 23:43:42.272063+01', '2026-02-16 23:43:42.272063+01', NULL);
INSERT INTO public.user_books (user_id, book_isbn, is_available, created_at, updated_at, deleted_at) VALUES (109, '8845272184', true, '2026-02-16 23:43:42.273718+01', '2026-02-16 23:43:42.273718+01', NULL);
INSERT INTO public.user_books (user_id, book_isbn, is_available, created_at, updated_at, deleted_at) VALUES (109, '9780912946313', true, '2026-02-16 23:43:42.27509+01', '2026-02-16 23:43:42.27509+01', NULL);
INSERT INTO public.user_books (user_id, book_isbn, is_available, created_at, updated_at, deleted_at) VALUES (110, '9788807421204', true, '2026-02-16 23:43:42.490599+01', '2026-02-16 23:43:42.490599+01', NULL);
INSERT INTO public.user_books (user_id, book_isbn, is_available, created_at, updated_at, deleted_at) VALUES (110, '9788845226342', true, '2026-02-16 23:43:42.491913+01', '2026-02-16 23:43:42.491913+01', NULL);
INSERT INTO public.user_books (user_id, book_isbn, is_available, created_at, updated_at, deleted_at) VALUES (110, '9781291719864', true, '2026-02-16 23:43:42.49276+01', '2026-02-16 23:43:42.49276+01', NULL);
INSERT INTO public.user_books (user_id, book_isbn, is_available, created_at, updated_at, deleted_at) VALUES (110, '9788831003403', true, '2026-02-16 23:43:42.493835+01', '2026-02-16 23:43:42.493835+01', NULL);
INSERT INTO public.user_books (user_id, book_isbn, is_available, created_at, updated_at, deleted_at) VALUES (111, '9788467058512', true, '2026-02-16 23:43:42.71005+01', '2026-02-16 23:43:42.71005+01', NULL);
INSERT INTO public.user_books (user_id, book_isbn, is_available, created_at, updated_at, deleted_at) VALUES (111, '9780912946313', true, '2026-02-16 23:43:42.711253+01', '2026-02-16 23:43:42.711253+01', NULL);
INSERT INTO public.user_books (user_id, book_isbn, is_available, created_at, updated_at, deleted_at) VALUES (111, '880446030X', true, '2026-02-16 23:43:42.712362+01', '2026-02-16 23:43:42.712362+01', NULL);
INSERT INTO public.user_books (user_id, book_isbn, is_available, created_at, updated_at, deleted_at) VALUES (111, '9787532731077', true, '2026-02-16 23:43:42.713955+01', '2026-02-16 23:43:42.713955+01', NULL);
INSERT INTO public.user_books (user_id, book_isbn, is_available, created_at, updated_at, deleted_at) VALUES (112, '884591335X', true, '2026-02-16 23:43:42.931399+01', '2026-02-16 23:43:42.931399+01', NULL);
INSERT INTO public.user_books (user_id, book_isbn, is_available, created_at, updated_at, deleted_at) VALUES (112, '9788807813740', true, '2026-02-16 23:43:42.932541+01', '2026-02-16 23:43:42.932541+01', NULL);
INSERT INTO public.user_books (user_id, book_isbn, is_available, created_at, updated_at, deleted_at) VALUES (112, '9788804668230', true, '2026-02-16 23:43:42.933673+01', '2026-02-16 23:43:42.933673+01', NULL);
INSERT INTO public.user_books (user_id, book_isbn, is_available, created_at, updated_at, deleted_at) VALUES (113, '8804797037', true, '2026-02-16 23:43:43.148743+01', '2026-02-16 23:43:43.148743+01', NULL);
INSERT INTO public.user_books (user_id, book_isbn, is_available, created_at, updated_at, deleted_at) VALUES (113, '9788871882925', true, '2026-02-16 23:43:43.149991+01', '2026-02-16 23:43:43.149991+01', NULL);
INSERT INTO public.user_books (user_id, book_isbn, is_available, created_at, updated_at, deleted_at) VALUES (14, '8804613424', true, '2026-02-16 23:48:18.845813+01', '2026-02-16 23:48:18.845813+01', NULL);
INSERT INTO public.user_books (user_id, book_isbn, is_available, created_at, updated_at, deleted_at) VALUES (14, '8804797037', true, '2026-02-16 23:48:18.84945+01', '2026-02-16 23:48:18.84945+01', NULL);
INSERT INTO public.user_books (user_id, book_isbn, is_available, created_at, updated_at, deleted_at) VALUES (15, '9783498064341', true, '2026-02-16 23:48:19.097431+01', '2026-02-16 23:48:19.097431+01', NULL);
INSERT INTO public.user_books (user_id, book_isbn, is_available, created_at, updated_at, deleted_at) VALUES (15, '9788845292613', true, '2026-02-16 23:48:19.101187+01', '2026-02-16 23:48:19.101187+01', NULL);
INSERT INTO public.user_books (user_id, book_isbn, is_available, created_at, updated_at, deleted_at) VALUES (16, '9788845292613', true, '2026-02-16 23:48:19.349337+01', '2026-02-16 23:48:19.349337+01', NULL);
INSERT INTO public.user_books (user_id, book_isbn, is_available, created_at, updated_at, deleted_at) VALUES (17, '9788845907296', true, '2026-02-16 23:48:19.597617+01', '2026-02-16 23:48:19.597617+01', NULL);
INSERT INTO public.user_books (user_id, book_isbn, is_available, created_at, updated_at, deleted_at) VALUES (18, '9781482939682', true, '2026-02-16 23:48:19.842605+01', '2026-02-16 23:48:19.842605+01', NULL);
INSERT INTO public.user_books (user_id, book_isbn, is_available, created_at, updated_at, deleted_at) VALUES (80, '9783498064341', true, '2026-02-16 23:43:35.91008+01', '2026-02-16 23:48:35.190523+01', NULL);
INSERT INTO public.user_books (user_id, book_isbn, is_available, created_at, updated_at, deleted_at) VALUES (81, '9788848006422', true, '2026-02-16 23:43:36.129422+01', '2026-02-17 00:30:54.673292+01', '2026-02-17 00:30:54.673292+01');
INSERT INTO public.user_books (user_id, book_isbn, is_available, created_at, updated_at, deleted_at) VALUES (100, '9788831003403', false, '2026-02-16 23:43:40.305038+01', '2026-02-17 16:13:30.724882+01', NULL);
INSERT INTO public.user_books (user_id, book_isbn, is_available, created_at, updated_at, deleted_at) VALUES (108, '9788831003397', false, '2026-02-16 23:43:42.055504+01', '2026-02-17 16:13:30.724882+01', NULL);
INSERT INTO public.user_books (user_id, book_isbn, is_available, created_at, updated_at, deleted_at) VALUES (17, '9788807421204', false, '2026-02-16 23:48:19.59453+01', '2026-02-17 16:13:30.724882+01', NULL);
INSERT INTO public.user_books (user_id, book_isbn, is_available, created_at, updated_at, deleted_at) VALUES (112, '8845272184', false, '2026-02-16 23:43:42.92999+01', '2026-02-17 16:15:02.889869+01', NULL);
INSERT INTO public.user_books (user_id, book_isbn, is_available, created_at, updated_at, deleted_at) VALUES (102, '9788831003380', false, '2026-02-16 23:43:40.741138+01', '2026-02-17 16:15:02.889869+01', NULL);
INSERT INTO public.user_books (user_id, book_isbn, is_available, created_at, updated_at, deleted_at) VALUES (19, '9788804579243', true, '2026-02-16 23:48:20.087346+01', '2026-02-16 23:48:20.087346+01', NULL);
INSERT INTO public.user_books (user_id, book_isbn, is_available, created_at, updated_at, deleted_at) VALUES (19, '9787532731077', true, '2026-02-16 23:48:20.090682+01', '2026-02-16 23:48:20.090682+01', NULL);
INSERT INTO public.user_books (user_id, book_isbn, is_available, created_at, updated_at, deleted_at) VALUES (20, '9789997498038', true, '2026-02-16 23:48:20.33318+01', '2026-02-16 23:48:20.33318+01', NULL);
INSERT INTO public.user_books (user_id, book_isbn, is_available, created_at, updated_at, deleted_at) VALUES (20, '9788811672364', true, '2026-02-16 23:48:20.336744+01', '2026-02-16 23:48:20.336744+01', NULL);
INSERT INTO public.user_books (user_id, book_isbn, is_available, created_at, updated_at, deleted_at) VALUES (21, '9788845224652', true, '2026-02-16 23:48:20.579345+01', '2026-02-16 23:48:20.579345+01', NULL);
INSERT INTO public.user_books (user_id, book_isbn, is_available, created_at, updated_at, deleted_at) VALUES (22, '9788811672364', true, '2026-02-16 23:48:20.826227+01', '2026-02-16 23:48:20.826227+01', NULL);
INSERT INTO public.user_books (user_id, book_isbn, is_available, created_at, updated_at, deleted_at) VALUES (22, '8817057428', true, '2026-02-16 23:48:20.828906+01', '2026-02-16 23:48:20.828906+01', NULL);
INSERT INTO public.user_books (user_id, book_isbn, is_available, created_at, updated_at, deleted_at) VALUES (23, '9788804700008', true, '2026-02-16 23:48:21.071539+01', '2026-02-16 23:48:21.071539+01', NULL);
INSERT INTO public.user_books (user_id, book_isbn, is_available, created_at, updated_at, deleted_at) VALUES (24, '9788845292606', true, '2026-02-16 23:48:21.317733+01', '2026-02-16 23:48:21.317733+01', NULL);
INSERT INTO public.user_books (user_id, book_isbn, is_available, created_at, updated_at, deleted_at) VALUES (24, '9781482939682', true, '2026-02-16 23:48:21.321003+01', '2026-02-16 23:48:21.321003+01', NULL);
INSERT INTO public.user_books (user_id, book_isbn, is_available, created_at, updated_at, deleted_at) VALUES (25, '9788806147815', true, '2026-02-16 23:48:21.564296+01', '2026-02-16 23:48:21.564296+01', NULL);
INSERT INTO public.user_books (user_id, book_isbn, is_available, created_at, updated_at, deleted_at) VALUES (26, '9789997498038', true, '2026-02-16 23:48:21.811666+01', '2026-02-16 23:48:21.811666+01', NULL);
INSERT INTO public.user_books (user_id, book_isbn, is_available, created_at, updated_at, deleted_at) VALUES (26, '9783498064341', true, '2026-02-16 23:48:21.814892+01', '2026-02-16 23:48:21.814892+01', NULL);
INSERT INTO public.user_books (user_id, book_isbn, is_available, created_at, updated_at, deleted_at) VALUES (27, '1101923083', true, '2026-02-16 23:48:22.05892+01', '2026-02-16 23:48:22.05892+01', NULL);
INSERT INTO public.user_books (user_id, book_isbn, is_available, created_at, updated_at, deleted_at) VALUES (29, '0345351908', true, '2026-02-16 23:48:22.564407+01', '2026-02-16 23:48:22.564407+01', NULL);
INSERT INTO public.user_books (user_id, book_isbn, is_available, created_at, updated_at, deleted_at) VALUES (29, '8817331589', true, '2026-02-16 23:48:22.568005+01', '2026-02-16 23:48:22.568005+01', NULL);
INSERT INTO public.user_books (user_id, book_isbn, is_available, created_at, updated_at, deleted_at) VALUES (30, '8817134899', true, '2026-02-16 23:48:22.815881+01', '2026-02-16 23:48:22.815881+01', NULL);
INSERT INTO public.user_books (user_id, book_isbn, is_available, created_at, updated_at, deleted_at) VALUES (31, '9788817006347', true, '2026-02-16 23:48:23.065225+01', '2026-02-16 23:48:23.065225+01', NULL);
INSERT INTO public.user_books (user_id, book_isbn, is_available, created_at, updated_at, deleted_at) VALUES (32, '1419281909', true, '2026-02-16 23:48:23.316918+01', '2026-02-16 23:48:23.316918+01', NULL);
INSERT INTO public.user_books (user_id, book_isbn, is_available, created_at, updated_at, deleted_at) VALUES (32, '9783498064341', true, '2026-02-16 23:48:23.320365+01', '2026-02-16 23:48:23.320365+01', NULL);
INSERT INTO public.user_books (user_id, book_isbn, is_available, created_at, updated_at, deleted_at) VALUES (33, '9025421962', true, '2026-02-16 23:48:23.573654+01', '2026-02-16 23:48:23.573654+01', NULL);
INSERT INTO public.user_books (user_id, book_isbn, is_available, created_at, updated_at, deleted_at) VALUES (33, '8804613424', true, '2026-02-16 23:48:23.576792+01', '2026-02-16 23:48:23.576792+01', NULL);
INSERT INTO public.user_books (user_id, book_isbn, is_available, created_at, updated_at, deleted_at) VALUES (34, '1101923083', true, '2026-02-16 23:48:23.821185+01', '2026-02-16 23:48:23.821185+01', NULL);
INSERT INTO public.user_books (user_id, book_isbn, is_available, created_at, updated_at, deleted_at) VALUES (35, '8483107406', true, '2026-02-16 23:48:24.077062+01', '2026-02-16 23:48:24.077062+01', NULL);
INSERT INTO public.user_books (user_id, book_isbn, is_available, created_at, updated_at, deleted_at) VALUES (35, '9781291719864', true, '2026-02-16 23:48:24.08061+01', '2026-02-16 23:48:24.08061+01', NULL);
INSERT INTO public.user_books (user_id, book_isbn, is_available, created_at, updated_at, deleted_at) VALUES (36, '9780912946313', true, '2026-02-16 23:48:24.331932+01', '2026-02-16 23:48:24.331932+01', NULL);
INSERT INTO public.user_books (user_id, book_isbn, is_available, created_at, updated_at, deleted_at) VALUES (37, '9788807813740', true, '2026-02-16 23:48:24.582706+01', '2026-02-16 23:48:24.582706+01', NULL);
INSERT INTO public.user_books (user_id, book_isbn, is_available, created_at, updated_at, deleted_at) VALUES (37, '9788845224652', true, '2026-02-16 23:48:24.586398+01', '2026-02-16 23:48:24.586398+01', NULL);
INSERT INTO public.user_books (user_id, book_isbn, is_available, created_at, updated_at, deleted_at) VALUES (38, '9788807421204', true, '2026-02-16 23:48:24.830814+01', '2026-02-16 23:48:24.830814+01', NULL);
INSERT INTO public.user_books (user_id, book_isbn, is_available, created_at, updated_at, deleted_at) VALUES (38, '9788845907296', true, '2026-02-16 23:48:24.834333+01', '2026-02-16 23:48:24.834333+01', NULL);
INSERT INTO public.user_books (user_id, book_isbn, is_available, created_at, updated_at, deleted_at) VALUES (39, '9781482939682', true, '2026-02-16 23:48:25.081133+01', '2026-02-16 23:48:25.081133+01', NULL);
INSERT INTO public.user_books (user_id, book_isbn, is_available, created_at, updated_at, deleted_at) VALUES (40, '9788804579243', true, '2026-02-16 23:48:25.331641+01', '2026-02-16 23:48:25.331641+01', NULL);
INSERT INTO public.user_books (user_id, book_isbn, is_available, created_at, updated_at, deleted_at) VALUES (41, '9788804668230', true, '2026-02-16 23:48:25.584022+01', '2026-02-16 23:48:25.584022+01', NULL);
INSERT INTO public.user_books (user_id, book_isbn, is_available, created_at, updated_at, deleted_at) VALUES (41, '8804644494', true, '2026-02-16 23:48:25.586567+01', '2026-02-16 23:48:25.586567+01', NULL);
INSERT INTO public.user_books (user_id, book_isbn, is_available, created_at, updated_at, deleted_at) VALUES (42, '9780912946313', true, '2026-02-16 23:48:25.829968+01', '2026-02-16 23:48:25.829968+01', NULL);
INSERT INTO public.user_books (user_id, book_isbn, is_available, created_at, updated_at, deleted_at) VALUES (43, '0345351908', true, '2026-02-16 23:48:26.077818+01', '2026-02-16 23:48:26.077818+01', NULL);
INSERT INTO public.user_books (user_id, book_isbn, is_available, created_at, updated_at, deleted_at) VALUES (43, '9788845292613', true, '2026-02-16 23:48:26.080967+01', '2026-02-16 23:48:26.080967+01', NULL);
INSERT INTO public.user_books (user_id, book_isbn, is_available, created_at, updated_at, deleted_at) VALUES (44, '8817080667', true, '2026-02-16 23:48:26.326626+01', '2026-02-16 23:48:26.326626+01', NULL);
INSERT INTO public.user_books (user_id, book_isbn, is_available, created_at, updated_at, deleted_at) VALUES (44, '8817057428', true, '2026-02-16 23:48:26.329426+01', '2026-02-16 23:48:26.329426+01', NULL);
INSERT INTO public.user_books (user_id, book_isbn, is_available, created_at, updated_at, deleted_at) VALUES (45, '1910213039', true, '2026-02-16 23:48:26.572233+01', '2026-02-16 23:48:26.572233+01', NULL);
INSERT INTO public.user_books (user_id, book_isbn, is_available, created_at, updated_at, deleted_at) VALUES (45, '9787532731077', true, '2026-02-16 23:48:26.575261+01', '2026-02-16 23:48:26.575261+01', NULL);
INSERT INTO public.user_books (user_id, book_isbn, is_available, created_at, updated_at, deleted_at) VALUES (46, '9788806147815', true, '2026-02-16 23:48:26.82099+01', '2026-02-16 23:48:26.82099+01', NULL);
INSERT INTO public.user_books (user_id, book_isbn, is_available, created_at, updated_at, deleted_at) VALUES (47, '8804579242', true, '2026-02-16 23:48:27.067524+01', '2026-02-16 23:48:27.067524+01', NULL);
INSERT INTO public.user_books (user_id, book_isbn, is_available, created_at, updated_at, deleted_at) VALUES (47, '019831759X', true, '2026-02-16 23:48:27.070491+01', '2026-02-16 23:48:27.070491+01', NULL);
INSERT INTO public.user_books (user_id, book_isbn, is_available, created_at, updated_at, deleted_at) VALUES (48, '9788804617112', true, '2026-02-16 23:48:27.311918+01', '2026-02-16 23:48:27.311918+01', NULL);
INSERT INTO public.user_books (user_id, book_isbn, is_available, created_at, updated_at, deleted_at) VALUES (48, '880446030X', true, '2026-02-16 23:48:27.314877+01', '2026-02-16 23:48:27.314877+01', NULL);
INSERT INTO public.user_books (user_id, book_isbn, is_available, created_at, updated_at, deleted_at) VALUES (49, '8804657111', true, '2026-02-16 23:48:27.558618+01', '2026-02-16 23:48:27.558618+01', NULL);
INSERT INTO public.user_books (user_id, book_isbn, is_available, created_at, updated_at, deleted_at) VALUES (50, '9788845907296', true, '2026-02-16 23:48:27.805756+01', '2026-02-16 23:48:27.805756+01', NULL);
INSERT INTO public.user_books (user_id, book_isbn, is_available, created_at, updated_at, deleted_at) VALUES (50, '0141959959', true, '2026-02-16 23:48:27.808692+01', '2026-02-16 23:48:27.808692+01', NULL);
INSERT INTO public.user_books (user_id, book_isbn, is_available, created_at, updated_at, deleted_at) VALUES (51, '1101923083', true, '2026-02-16 23:48:28.054152+01', '2026-02-16 23:48:28.054152+01', NULL);
INSERT INTO public.user_books (user_id, book_isbn, is_available, created_at, updated_at, deleted_at) VALUES (53, '8877383380', true, '2026-02-16 23:48:28.545368+01', '2026-02-16 23:48:28.545368+01', NULL);
INSERT INTO public.user_books (user_id, book_isbn, is_available, created_at, updated_at, deleted_at) VALUES (54, '8483107406', true, '2026-02-16 23:48:28.792217+01', '2026-02-16 23:48:28.792217+01', NULL);
INSERT INTO public.user_books (user_id, book_isbn, is_available, created_at, updated_at, deleted_at) VALUES (55, '9025421962', true, '2026-02-16 23:48:29.037978+01', '2026-02-16 23:48:29.037978+01', NULL);
INSERT INTO public.user_books (user_id, book_isbn, is_available, created_at, updated_at, deleted_at) VALUES (56, '9781291719864', true, '2026-02-16 23:48:29.282502+01', '2026-02-16 23:48:29.282502+01', NULL);
INSERT INTO public.user_books (user_id, book_isbn, is_available, created_at, updated_at, deleted_at) VALUES (57, '0141959959', true, '2026-02-16 23:48:29.528048+01', '2026-02-16 23:48:29.528048+01', NULL);
INSERT INTO public.user_books (user_id, book_isbn, is_available, created_at, updated_at, deleted_at) VALUES (58, '8817134899', true, '2026-02-16 23:48:29.775068+01', '2026-02-16 23:48:29.775068+01', NULL);
INSERT INTO public.user_books (user_id, book_isbn, is_available, created_at, updated_at, deleted_at) VALUES (59, '9781482939682', true, '2026-02-16 23:48:30.021829+01', '2026-02-16 23:48:30.021829+01', NULL);
INSERT INTO public.user_books (user_id, book_isbn, is_available, created_at, updated_at, deleted_at) VALUES (59, '9788871882925', true, '2026-02-16 23:48:30.024826+01', '2026-02-16 23:48:30.024826+01', NULL);
INSERT INTO public.user_books (user_id, book_isbn, is_available, created_at, updated_at, deleted_at) VALUES (60, '9788804700022', true, '2026-02-16 23:48:30.268227+01', '2026-02-16 23:48:30.268227+01', NULL);
INSERT INTO public.user_books (user_id, book_isbn, is_available, created_at, updated_at, deleted_at) VALUES (60, '9788877827029', true, '2026-02-16 23:48:30.271382+01', '2026-02-16 23:48:30.271382+01', NULL);
INSERT INTO public.user_books (user_id, book_isbn, is_available, created_at, updated_at, deleted_at) VALUES (61, '8804579242', true, '2026-02-16 23:48:30.513868+01', '2026-02-16 23:48:30.513868+01', NULL);
INSERT INTO public.user_books (user_id, book_isbn, is_available, created_at, updated_at, deleted_at) VALUES (62, '8817331589', true, '2026-02-16 23:48:30.756076+01', '2026-02-16 23:48:30.756076+01', NULL);
INSERT INTO public.user_books (user_id, book_isbn, is_available, created_at, updated_at, deleted_at) VALUES (62, '019831759X', true, '2026-02-16 23:48:30.759681+01', '2026-02-16 23:48:30.759681+01', NULL);
INSERT INTO public.user_books (user_id, book_isbn, is_available, created_at, updated_at, deleted_at) VALUES (63, '9788845907296', true, '2026-02-16 23:48:31.004184+01', '2026-02-16 23:48:31.004184+01', NULL);
INSERT INTO public.user_books (user_id, book_isbn, is_available, created_at, updated_at, deleted_at) VALUES (63, '9787532731077', true, '2026-02-16 23:48:31.006683+01', '2026-02-16 23:48:31.006683+01', NULL);
INSERT INTO public.user_books (user_id, book_isbn, is_available, created_at, updated_at, deleted_at) VALUES (64, '884301840X', true, '2026-02-16 23:48:31.24978+01', '2026-02-16 23:48:31.24978+01', NULL);
INSERT INTO public.user_books (user_id, book_isbn, is_available, created_at, updated_at, deleted_at) VALUES (65, '8804582863', true, '2026-02-16 23:48:31.494807+01', '2026-02-16 23:48:31.494807+01', NULL);
INSERT INTO public.user_books (user_id, book_isbn, is_available, created_at, updated_at, deleted_at) VALUES (66, '9788804700008', true, '2026-02-16 23:48:31.737924+01', '2026-02-16 23:48:31.737924+01', NULL);
INSERT INTO public.user_books (user_id, book_isbn, is_available, created_at, updated_at, deleted_at) VALUES (66, '9788845292620', true, '2026-02-16 23:48:31.741444+01', '2026-02-16 23:48:31.741444+01', NULL);
INSERT INTO public.user_books (user_id, book_isbn, is_available, created_at, updated_at, deleted_at) VALUES (67, '9788845226342', true, '2026-02-16 23:48:31.986462+01', '2026-02-16 23:48:31.986462+01', NULL);
INSERT INTO public.user_books (user_id, book_isbn, is_available, created_at, updated_at, deleted_at) VALUES (68, '9788804620907', true, '2026-02-16 23:48:32.231692+01', '2026-02-16 23:48:32.231692+01', NULL);
INSERT INTO public.user_books (user_id, book_isbn, is_available, created_at, updated_at, deleted_at) VALUES (68, '9788807813740', true, '2026-02-16 23:48:32.235927+01', '2026-02-16 23:48:32.235927+01', NULL);
INSERT INTO public.user_books (user_id, book_isbn, is_available, created_at, updated_at, deleted_at) VALUES (69, '8804644494', true, '2026-02-16 23:48:32.480217+01', '2026-02-16 23:48:32.480217+01', NULL);
INSERT INTO public.user_books (user_id, book_isbn, is_available, created_at, updated_at, deleted_at) VALUES (69, '9788804700008', true, '2026-02-16 23:43:33.500815+01', '2026-02-16 23:48:32.483164+01', NULL);
INSERT INTO public.user_books (user_id, book_isbn, is_available, created_at, updated_at, deleted_at) VALUES (70, '8483107406', true, '2026-02-16 23:48:32.7268+01', '2026-02-16 23:48:32.7268+01', NULL);
INSERT INTO public.user_books (user_id, book_isbn, is_available, created_at, updated_at, deleted_at) VALUES (71, '9781482939682', true, '2026-02-16 23:48:32.972791+01', '2026-02-16 23:48:32.972791+01', NULL);
INSERT INTO public.user_books (user_id, book_isbn, is_available, created_at, updated_at, deleted_at) VALUES (71, '8832822687', true, '2026-02-16 23:48:32.976262+01', '2026-02-16 23:48:32.976262+01', NULL);
INSERT INTO public.user_books (user_id, book_isbn, is_available, created_at, updated_at, deleted_at) VALUES (72, '8817042021', true, '2026-02-16 23:48:33.219868+01', '2026-02-16 23:48:33.219868+01', NULL);
INSERT INTO public.user_books (user_id, book_isbn, is_available, created_at, updated_at, deleted_at) VALUES (73, '9787532731077', true, '2026-02-16 23:48:33.464482+01', '2026-02-16 23:48:33.464482+01', NULL);
INSERT INTO public.user_books (user_id, book_isbn, is_available, created_at, updated_at, deleted_at) VALUES (73, '9788830104716', true, '2026-02-16 23:48:33.467625+01', '2026-02-16 23:48:33.467625+01', NULL);
INSERT INTO public.user_books (user_id, book_isbn, is_available, created_at, updated_at, deleted_at) VALUES (74, '9788804700008', true, '2026-02-16 23:48:33.712395+01', '2026-02-16 23:48:33.712395+01', NULL);
INSERT INTO public.user_books (user_id, book_isbn, is_available, created_at, updated_at, deleted_at) VALUES (75, '8804657111', true, '2026-02-16 23:48:33.961056+01', '2026-02-16 23:48:33.961056+01', NULL);
INSERT INTO public.user_books (user_id, book_isbn, is_available, created_at, updated_at, deleted_at) VALUES (76, '9787532731077', true, '2026-02-16 23:48:34.205407+01', '2026-02-16 23:48:34.205407+01', NULL);
INSERT INTO public.user_books (user_id, book_isbn, is_available, created_at, updated_at, deleted_at) VALUES (76, '9025421962', true, '2026-02-16 23:43:35.032553+01', '2026-02-16 23:48:34.208836+01', NULL);
INSERT INTO public.user_books (user_id, book_isbn, is_available, created_at, updated_at, deleted_at) VALUES (77, '8804613424', true, '2026-02-16 23:48:34.454065+01', '2026-02-16 23:48:34.454065+01', NULL);
INSERT INTO public.user_books (user_id, book_isbn, is_available, created_at, updated_at, deleted_at) VALUES (77, '9788831003397', true, '2026-02-16 23:48:34.457456+01', '2026-02-16 23:48:34.457456+01', NULL);
INSERT INTO public.user_books (user_id, book_isbn, is_available, created_at, updated_at, deleted_at) VALUES (78, '8817331589', true, '2026-02-16 23:48:34.698631+01', '2026-02-16 23:48:34.698631+01', NULL);
INSERT INTO public.user_books (user_id, book_isbn, is_available, created_at, updated_at, deleted_at) VALUES (78, '9788804561132', true, '2026-02-16 23:48:34.701288+01', '2026-02-16 23:48:34.701288+01', NULL);
INSERT INTO public.user_books (user_id, book_isbn, is_available, created_at, updated_at, deleted_at) VALUES (79, '9788804616351', true, '2026-02-16 23:48:34.944811+01', '2026-02-16 23:48:34.944811+01', NULL);
INSERT INTO public.user_books (user_id, book_isbn, is_available, created_at, updated_at, deleted_at) VALUES (79, '9788807421204', true, '2026-02-16 23:48:34.94772+01', '2026-02-16 23:48:34.94772+01', NULL);
INSERT INTO public.user_books (user_id, book_isbn, is_available, created_at, updated_at, deleted_at) VALUES (80, '9788560280940', true, '2026-02-16 23:48:35.187481+01', '2026-02-16 23:48:35.187481+01', NULL);
INSERT INTO public.user_books (user_id, book_isbn, is_available, created_at, updated_at, deleted_at) VALUES (81, '1910213039', true, '2026-02-16 23:48:35.435168+01', '2026-02-16 23:48:35.435168+01', NULL);
INSERT INTO public.user_books (user_id, book_isbn, is_available, created_at, updated_at, deleted_at) VALUES (81, '8848000029', true, '2026-02-16 23:48:35.438808+01', '2026-02-16 23:48:35.438808+01', NULL);
INSERT INTO public.user_books (user_id, book_isbn, is_available, created_at, updated_at, deleted_at) VALUES (82, '9788845907296', true, '2026-02-16 23:48:35.683481+01', '2026-02-16 23:48:35.683481+01', NULL);
INSERT INTO public.user_books (user_id, book_isbn, is_available, created_at, updated_at, deleted_at) VALUES (82, '9788877827029', true, '2026-02-16 23:48:35.686793+01', '2026-02-16 23:48:35.686793+01', NULL);
INSERT INTO public.user_books (user_id, book_isbn, is_available, created_at, updated_at, deleted_at) VALUES (83, '9781291719864', true, '2026-02-16 23:48:35.929852+01', '2026-02-16 23:48:35.929852+01', NULL);
INSERT INTO public.user_books (user_id, book_isbn, is_available, created_at, updated_at, deleted_at) VALUES (83, '9780912946313', true, '2026-02-16 23:48:35.932783+01', '2026-02-16 23:48:35.932783+01', NULL);
INSERT INTO public.user_books (user_id, book_isbn, is_available, created_at, updated_at, deleted_at) VALUES (84, '9781482939682', true, '2026-02-16 23:48:36.177468+01', '2026-02-16 23:48:36.177468+01', NULL);
INSERT INTO public.user_books (user_id, book_isbn, is_available, created_at, updated_at, deleted_at) VALUES (84, '884301840X', true, '2026-02-16 23:48:36.180636+01', '2026-02-16 23:48:36.180636+01', NULL);
INSERT INTO public.user_books (user_id, book_isbn, is_available, created_at, updated_at, deleted_at) VALUES (85, '9788817080675', true, '2026-02-16 23:48:36.424803+01', '2026-02-16 23:48:36.424803+01', NULL);
INSERT INTO public.user_books (user_id, book_isbn, is_available, created_at, updated_at, deleted_at) VALUES (85, '8804644494', true, '2026-02-16 23:48:36.428071+01', '2026-02-16 23:48:36.428071+01', NULL);
INSERT INTO public.user_books (user_id, book_isbn, is_available, created_at, updated_at, deleted_at) VALUES (87, '9788804700022', true, '2026-02-16 23:48:36.916887+01', '2026-02-16 23:48:36.916887+01', NULL);
INSERT INTO public.user_books (user_id, book_isbn, is_available, created_at, updated_at, deleted_at) VALUES (87, '9789997498038', true, '2026-02-16 23:48:36.919642+01', '2026-02-16 23:48:36.919642+01', NULL);
INSERT INTO public.user_books (user_id, book_isbn, is_available, created_at, updated_at, deleted_at) VALUES (88, '9788804659153', true, '2026-02-16 23:48:37.162868+01', '2026-02-16 23:48:37.162868+01', NULL);
INSERT INTO public.user_books (user_id, book_isbn, is_available, created_at, updated_at, deleted_at) VALUES (90, '9788804665168', true, '2026-02-16 23:48:37.649176+01', '2026-02-16 23:48:37.649176+01', NULL);
INSERT INTO public.user_books (user_id, book_isbn, is_available, created_at, updated_at, deleted_at) VALUES (90, '8845272184', true, '2026-02-16 23:48:37.651746+01', '2026-02-16 23:48:37.651746+01', NULL);
INSERT INTO public.user_books (user_id, book_isbn, is_available, created_at, updated_at, deleted_at) VALUES (91, '9788804617112', true, '2026-02-16 23:48:37.897579+01', '2026-02-16 23:48:37.897579+01', NULL);
INSERT INTO public.user_books (user_id, book_isbn, is_available, created_at, updated_at, deleted_at) VALUES (92, '9787532731077', true, '2026-02-16 23:48:38.143335+01', '2026-02-16 23:48:38.143335+01', NULL);
INSERT INTO public.user_books (user_id, book_isbn, is_available, created_at, updated_at, deleted_at) VALUES (92, '9788804665168', true, '2026-02-16 23:48:38.146115+01', '2026-02-16 23:48:38.146115+01', NULL);
INSERT INTO public.user_books (user_id, book_isbn, is_available, created_at, updated_at, deleted_at) VALUES (93, '9788804659153', true, '2026-02-16 23:48:38.387758+01', '2026-02-16 23:48:38.387758+01', NULL);
INSERT INTO public.user_books (user_id, book_isbn, is_available, created_at, updated_at, deleted_at) VALUES (94, '9788830104716', true, '2026-02-16 23:48:38.63314+01', '2026-02-16 23:48:38.63314+01', NULL);
INSERT INTO public.user_books (user_id, book_isbn, is_available, created_at, updated_at, deleted_at) VALUES (94, '9788871882925', true, '2026-02-16 23:48:38.636052+01', '2026-02-16 23:48:38.636052+01', NULL);
INSERT INTO public.user_books (user_id, book_isbn, is_available, created_at, updated_at, deleted_at) VALUES (95, '9798590501670', true, '2026-02-16 23:48:38.878446+01', '2026-02-16 23:48:38.878446+01', NULL);
INSERT INTO public.user_books (user_id, book_isbn, is_available, created_at, updated_at, deleted_at) VALUES (96, '880446030X', true, '2026-02-16 23:48:39.123412+01', '2026-02-16 23:48:39.123412+01', NULL);
INSERT INTO public.user_books (user_id, book_isbn, is_available, created_at, updated_at, deleted_at) VALUES (97, '8804613424', true, '2026-02-16 23:48:39.370996+01', '2026-02-16 23:48:39.370996+01', NULL);
INSERT INTO public.user_books (user_id, book_isbn, is_available, created_at, updated_at, deleted_at) VALUES (97, '8817331589', true, '2026-02-16 23:48:39.373822+01', '2026-02-16 23:48:39.373822+01', NULL);
INSERT INTO public.user_books (user_id, book_isbn, is_available, created_at, updated_at, deleted_at) VALUES (98, '9788807813740', true, '2026-02-16 23:43:39.863677+01', '2026-02-16 23:48:39.617391+01', NULL);
INSERT INTO public.user_books (user_id, book_isbn, is_available, created_at, updated_at, deleted_at) VALUES (89, '9788831003397', false, '2026-02-16 23:48:37.405946+01', '2026-02-17 16:15:02.889869+01', NULL);
INSERT INTO public.user_books (user_id, book_isbn, is_available, created_at, updated_at, deleted_at) VALUES (34, '8804797037', false, '2026-02-16 23:48:23.825707+01', '2026-02-17 16:15:02.889869+01', NULL);
INSERT INTO public.user_books (user_id, book_isbn, is_available, created_at, updated_at, deleted_at) VALUES (86, '8817057428', false, '2026-02-16 23:48:36.669878+01', '2026-02-17 16:15:02.889869+01', NULL);
INSERT INTO public.user_books (user_id, book_isbn, is_available, created_at, updated_at, deleted_at) VALUES (98, '9788830104716', true, '2026-02-16 23:48:39.619278+01', '2026-02-16 23:48:39.619278+01', NULL);
INSERT INTO public.user_books (user_id, book_isbn, is_available, created_at, updated_at, deleted_at) VALUES (99, '9788831003397', true, '2026-02-16 23:48:39.863119+01', '2026-02-16 23:48:39.863119+01', NULL);
INSERT INTO public.user_books (user_id, book_isbn, is_available, created_at, updated_at, deleted_at) VALUES (100, '9788845292613', true, '2026-02-16 23:48:40.10722+01', '2026-02-16 23:48:40.10722+01', NULL);
INSERT INTO public.user_books (user_id, book_isbn, is_available, created_at, updated_at, deleted_at) VALUES (101, '9788871882925', true, '2026-02-16 23:48:40.352414+01', '2026-02-16 23:48:40.352414+01', NULL);
INSERT INTO public.user_books (user_id, book_isbn, is_available, created_at, updated_at, deleted_at) VALUES (101, '884301840X', true, '2026-02-16 23:48:40.35605+01', '2026-02-16 23:48:40.35605+01', NULL);
INSERT INTO public.user_books (user_id, book_isbn, is_available, created_at, updated_at, deleted_at) VALUES (102, '9788845226342', true, '2026-02-16 23:48:40.598804+01', '2026-02-16 23:48:40.598804+01', NULL);
INSERT INTO public.user_books (user_id, book_isbn, is_available, created_at, updated_at, deleted_at) VALUES (103, '9788804616351', true, '2026-02-16 23:48:40.84591+01', '2026-02-16 23:48:40.84591+01', NULL);
INSERT INTO public.user_books (user_id, book_isbn, is_available, created_at, updated_at, deleted_at) VALUES (104, '9788877827029', true, '2026-02-16 23:48:41.093806+01', '2026-02-16 23:48:41.093806+01', NULL);
INSERT INTO public.user_books (user_id, book_isbn, is_available, created_at, updated_at, deleted_at) VALUES (105, '9787532731077', true, '2026-02-16 23:48:41.341241+01', '2026-02-16 23:48:41.341241+01', NULL);
INSERT INTO public.user_books (user_id, book_isbn, is_available, created_at, updated_at, deleted_at) VALUES (106, '9788845292613', true, '2026-02-16 23:48:41.587959+01', '2026-02-16 23:48:41.587959+01', NULL);
INSERT INTO public.user_books (user_id, book_isbn, is_available, created_at, updated_at, deleted_at) VALUES (106, '9788806147815', true, '2026-02-16 23:48:41.591235+01', '2026-02-16 23:48:41.591235+01', NULL);
INSERT INTO public.user_books (user_id, book_isbn, is_available, created_at, updated_at, deleted_at) VALUES (107, '9788831003403', true, '2026-02-16 23:48:41.835373+01', '2026-02-16 23:48:41.835373+01', NULL);
INSERT INTO public.user_books (user_id, book_isbn, is_available, created_at, updated_at, deleted_at) VALUES (108, '9788831003403', true, '2026-02-16 23:48:42.078858+01', '2026-02-16 23:48:42.078858+01', NULL);
INSERT INTO public.user_books (user_id, book_isbn, is_available, created_at, updated_at, deleted_at) VALUES (108, '8817134899', true, '2026-02-16 23:48:42.081698+01', '2026-02-16 23:48:42.081698+01', NULL);
INSERT INTO public.user_books (user_id, book_isbn, is_available, created_at, updated_at, deleted_at) VALUES (109, '9788845292606', true, '2026-02-16 23:48:42.324434+01', '2026-02-16 23:48:42.324434+01', NULL);
INSERT INTO public.user_books (user_id, book_isbn, is_available, created_at, updated_at, deleted_at) VALUES (110, '9788804700022', true, '2026-02-16 23:48:42.5705+01', '2026-02-16 23:48:42.5705+01', NULL);
INSERT INTO public.user_books (user_id, book_isbn, is_available, created_at, updated_at, deleted_at) VALUES (111, '9788804700022', true, '2026-02-16 23:48:42.817695+01', '2026-02-16 23:48:42.817695+01', NULL);
INSERT INTO public.user_books (user_id, book_isbn, is_available, created_at, updated_at, deleted_at) VALUES (112, '8877383380', true, '2026-02-16 23:48:43.063582+01', '2026-02-16 23:48:43.063582+01', NULL);
INSERT INTO public.user_books (user_id, book_isbn, is_available, created_at, updated_at, deleted_at) VALUES (113, '9780205632633', true, '2026-02-16 23:48:43.308512+01', '2026-02-16 23:48:43.308512+01', NULL);
INSERT INTO public.user_books (user_id, book_isbn, is_available, created_at, updated_at, deleted_at) VALUES (27, '1021356557', true, '2026-02-17 00:04:22.503538+01', '2026-02-17 00:04:22.503538+01', NULL);
INSERT INTO public.user_books (user_id, book_isbn, is_available, created_at, updated_at, deleted_at) VALUES (27, '9781520732114', true, '2026-02-17 00:04:22.503538+01', '2026-02-17 00:04:22.503538+01', NULL);
INSERT INTO public.user_books (user_id, book_isbn, is_available, created_at, updated_at, deleted_at) VALUES (27, '8870963233', true, '2026-02-17 00:04:22.503538+01', '2026-02-17 00:04:22.503538+01', NULL);
INSERT INTO public.user_books (user_id, book_isbn, is_available, created_at, updated_at, deleted_at) VALUES (27, '9788831764520', true, '2026-02-17 00:04:22.503538+01', '2026-02-17 00:04:22.503538+01', NULL);
INSERT INTO public.user_books (user_id, book_isbn, is_available, created_at, updated_at, deleted_at) VALUES (27, '9798710622582', true, '2026-02-17 00:04:22.503538+01', '2026-02-17 00:04:22.503538+01', NULL);
INSERT INTO public.user_books (user_id, book_isbn, is_available, created_at, updated_at, deleted_at) VALUES (27, '978-8845292613', true, '2026-02-17 00:04:22.503538+01', '2026-02-17 00:04:22.503538+01', NULL);
INSERT INTO public.user_books (user_id, book_isbn, is_available, created_at, updated_at, deleted_at) VALUES (27, '9783849533588', true, '2026-02-17 00:04:22.503538+01', '2026-02-17 00:04:22.503538+01', NULL);
INSERT INTO public.user_books (user_id, book_isbn, is_available, created_at, updated_at, deleted_at) VALUES (27, '9788833912264', true, '2026-02-17 00:04:22.503538+01', '2026-02-17 00:04:22.503538+01', NULL);
INSERT INTO public.user_books (user_id, book_isbn, is_available, created_at, updated_at, deleted_at) VALUES (27, '9788883420023', true, '2026-02-17 00:04:22.503538+01', '2026-02-17 00:04:22.503538+01', NULL);
INSERT INTO public.user_books (user_id, book_isbn, is_available, created_at, updated_at, deleted_at) VALUES (27, '9780472061662', true, '2026-02-17 00:04:22.503538+01', '2026-02-17 00:04:22.503538+01', NULL);
INSERT INTO public.user_books (user_id, book_isbn, is_available, created_at, updated_at, deleted_at) VALUES (27, '9788802042039', true, '2026-02-17 00:04:22.503538+01', '2026-02-17 00:04:22.503538+01', NULL);
INSERT INTO public.user_books (user_id, book_isbn, is_available, created_at, updated_at, deleted_at) VALUES (27, '880450417X', true, '2026-02-17 00:04:22.503538+01', '2026-02-17 00:04:22.503538+01', NULL);
INSERT INTO public.user_books (user_id, book_isbn, is_available, created_at, updated_at, deleted_at) VALUES (27, '9781548833152', true, '2026-02-17 00:04:22.503538+01', '2026-02-17 00:04:22.503538+01', NULL);
INSERT INTO public.user_books (user_id, book_isbn, is_available, created_at, updated_at, deleted_at) VALUES (27, '9789035133716', true, '2026-02-17 00:04:22.503538+01', '2026-02-17 00:04:22.503538+01', NULL);
INSERT INTO public.user_books (user_id, book_isbn, is_available, created_at, updated_at, deleted_at) VALUES (27, '9788838238451', true, '2026-02-17 00:04:22.503538+01', '2026-02-17 00:04:22.503538+01', NULL);
INSERT INTO public.user_books (user_id, book_isbn, is_available, created_at, updated_at, deleted_at) VALUES (27, '8806566067', true, '2026-02-17 00:04:22.503538+01', '2026-02-17 00:04:22.503538+01', NULL);
INSERT INTO public.user_books (user_id, book_isbn, is_available, created_at, updated_at, deleted_at) VALUES (27, '9781544080796', true, '2026-02-17 00:04:22.503538+01', '2026-02-17 00:04:22.503538+01', NULL);
INSERT INTO public.user_books (user_id, book_isbn, is_available, created_at, updated_at, deleted_at) VALUES (27, '9781624902949', true, '2026-02-17 00:04:22.503538+01', '2026-02-17 00:04:22.503538+01', NULL);
INSERT INTO public.user_books (user_id, book_isbn, is_available, created_at, updated_at, deleted_at) VALUES (27, '9781420979589', true, '2026-02-17 00:04:22.503538+01', '2026-02-17 00:04:22.503538+01', NULL);
INSERT INTO public.user_books (user_id, book_isbn, is_available, created_at, updated_at, deleted_at) VALUES (27, '9788881120208', true, '2026-02-17 00:04:22.503538+01', '2026-02-17 00:04:22.503538+01', NULL);
INSERT INTO public.user_books (user_id, book_isbn, is_available, created_at, updated_at, deleted_at) VALUES (27, '9788883532900', true, '2026-02-17 00:04:22.503538+01', '2026-02-17 00:04:22.503538+01', NULL);
INSERT INTO public.user_books (user_id, book_isbn, is_available, created_at, updated_at, deleted_at) VALUES (27, '1694500233', true, '2026-02-17 00:04:22.503538+01', '2026-02-17 00:04:22.503538+01', NULL);
INSERT INTO public.user_books (user_id, book_isbn, is_available, created_at, updated_at, deleted_at) VALUES (27, '8842494224', true, '2026-02-17 00:04:22.503538+01', '2026-02-17 00:04:22.503538+01', NULL);
INSERT INTO public.user_books (user_id, book_isbn, is_available, created_at, updated_at, deleted_at) VALUES (27, '8875927170', true, '2026-02-17 00:04:22.503538+01', '2026-02-17 00:04:22.503538+01', NULL);
INSERT INTO public.user_books (user_id, book_isbn, is_available, created_at, updated_at, deleted_at) VALUES (27, '9788842493525', true, '2026-02-17 00:04:22.503538+01', '2026-02-17 00:04:22.503538+01', NULL);
INSERT INTO public.user_books (user_id, book_isbn, is_available, created_at, updated_at, deleted_at) VALUES (27, '9798808200333', true, '2026-02-17 00:04:22.503538+01', '2026-02-17 00:04:22.503538+01', NULL);
INSERT INTO public.user_books (user_id, book_isbn, is_available, created_at, updated_at, deleted_at) VALUES (27, '9798751319229', true, '2026-02-17 00:04:22.503538+01', '2026-02-17 00:04:22.503538+01', NULL);
INSERT INTO public.user_books (user_id, book_isbn, is_available, created_at, updated_at, deleted_at) VALUES (27, '9788822101082', true, '2026-02-17 00:04:22.503538+01', '2026-02-17 00:04:22.503538+01', NULL);
INSERT INTO public.user_books (user_id, book_isbn, is_available, created_at, updated_at, deleted_at) VALUES (27, '9780787114534', true, '2026-02-17 00:04:22.503538+01', '2026-02-17 00:04:22.503538+01', NULL);
INSERT INTO public.user_books (user_id, book_isbn, is_available, created_at, updated_at, deleted_at) VALUES (27, '8842502308', true, '2026-02-17 00:04:22.503538+01', '2026-02-17 00:04:22.503538+01', NULL);
INSERT INTO public.user_books (user_id, book_isbn, is_available, created_at, updated_at, deleted_at) VALUES (27, '8807817993', true, '2026-02-17 00:04:22.503538+01', '2026-02-17 00:04:22.503538+01', NULL);
INSERT INTO public.user_books (user_id, book_isbn, is_available, created_at, updated_at, deleted_at) VALUES (27, '9780679601609', true, '2026-02-17 00:04:22.503538+01', '2026-02-17 00:04:22.503538+01', NULL);
INSERT INTO public.user_books (user_id, book_isbn, is_available, created_at, updated_at, deleted_at) VALUES (27, '9789739578011', true, '2026-02-17 00:04:22.503538+01', '2026-02-17 00:04:22.503538+01', NULL);
INSERT INTO public.user_books (user_id, book_isbn, is_available, created_at, updated_at, deleted_at) VALUES (27, '140003115X', true, '2026-02-17 00:04:22.503538+01', '2026-02-17 00:04:22.503538+01', NULL);
INSERT INTO public.user_books (user_id, book_isbn, is_available, created_at, updated_at, deleted_at) VALUES (27, '8888668349', true, '2026-02-17 00:04:22.503538+01', '2026-02-17 00:04:22.503538+01', NULL);
INSERT INTO public.user_books (user_id, book_isbn, is_available, created_at, updated_at, deleted_at) VALUES (27, '5995301276', true, '2026-02-17 00:04:22.503538+01', '2026-02-17 00:04:22.503538+01', NULL);
INSERT INTO public.user_books (user_id, book_isbn, is_available, created_at, updated_at, deleted_at) VALUES (27, '8885316190', true, '2026-02-17 00:04:22.503538+01', '2026-02-17 00:04:22.503538+01', NULL);
INSERT INTO public.user_books (user_id, book_isbn, is_available, created_at, updated_at, deleted_at) VALUES (27, '887380473X', true, '2026-02-17 00:04:22.503538+01', '2026-02-17 00:04:22.503538+01', NULL);
INSERT INTO public.user_books (user_id, book_isbn, is_available, created_at, updated_at, deleted_at) VALUES (15, '9788838238451', true, '2026-02-17 00:04:22.513626+01', '2026-02-17 00:04:22.513626+01', NULL);
INSERT INTO public.user_books (user_id, book_isbn, is_available, created_at, updated_at, deleted_at) VALUES (22, '9788838238451', true, '2026-02-17 00:04:22.513626+01', '2026-02-17 00:04:22.513626+01', NULL);
INSERT INTO public.user_books (user_id, book_isbn, is_available, created_at, updated_at, deleted_at) VALUES (23, '9788838238451', true, '2026-02-17 00:04:22.513626+01', '2026-02-17 00:04:22.513626+01', NULL);
INSERT INTO public.user_books (user_id, book_isbn, is_available, created_at, updated_at, deleted_at) VALUES (24, '9788838238451', true, '2026-02-17 00:04:22.513626+01', '2026-02-17 00:04:22.513626+01', NULL);
INSERT INTO public.user_books (user_id, book_isbn, is_available, created_at, updated_at, deleted_at) VALUES (26, '9788838238451', true, '2026-02-17 00:04:22.513626+01', '2026-02-17 00:04:22.513626+01', NULL);
INSERT INTO public.user_books (user_id, book_isbn, is_available, created_at, updated_at, deleted_at) VALUES (4, '9788838238451', true, '2026-02-17 00:04:22.513626+01', '2026-02-17 00:04:22.513626+01', NULL);
INSERT INTO public.user_books (user_id, book_isbn, is_available, created_at, updated_at, deleted_at) VALUES (11, '9788838238451', true, '2026-02-17 00:04:22.513626+01', '2026-02-17 00:04:22.513626+01', NULL);
INSERT INTO public.user_books (user_id, book_isbn, is_available, created_at, updated_at, deleted_at) VALUES (12, '9788838238451', true, '2026-02-17 00:04:22.513626+01', '2026-02-17 00:04:22.513626+01', NULL);
INSERT INTO public.user_books (user_id, book_isbn, is_available, created_at, updated_at, deleted_at) VALUES (31, '9788838238451', true, '2026-02-17 00:04:22.513626+01', '2026-02-17 00:04:22.513626+01', NULL);
INSERT INTO public.user_books (user_id, book_isbn, is_available, created_at, updated_at, deleted_at) VALUES (42, '9788838238451', true, '2026-02-17 00:04:22.513626+01', '2026-02-17 00:04:22.513626+01', NULL);
INSERT INTO public.user_books (user_id, book_isbn, is_available, created_at, updated_at, deleted_at) VALUES (43, '9788838238451', true, '2026-02-17 00:04:22.513626+01', '2026-02-17 00:04:22.513626+01', NULL);
INSERT INTO public.user_books (user_id, book_isbn, is_available, created_at, updated_at, deleted_at) VALUES (44, '9788838238451', true, '2026-02-17 00:04:22.513626+01', '2026-02-17 00:04:22.513626+01', NULL);
INSERT INTO public.user_books (user_id, book_isbn, is_available, created_at, updated_at, deleted_at) VALUES (46, '9788838238451', true, '2026-02-17 00:04:22.513626+01', '2026-02-17 00:04:22.513626+01', NULL);
INSERT INTO public.user_books (user_id, book_isbn, is_available, created_at, updated_at, deleted_at) VALUES (47, '9788838238451', true, '2026-02-17 00:04:22.513626+01', '2026-02-17 00:04:22.513626+01', NULL);
INSERT INTO public.user_books (user_id, book_isbn, is_available, created_at, updated_at, deleted_at) VALUES (49, '9788838238451', true, '2026-02-17 00:04:22.513626+01', '2026-02-17 00:04:22.513626+01', NULL);
INSERT INTO public.user_books (user_id, book_isbn, is_available, created_at, updated_at, deleted_at) VALUES (53, '9788838238451', true, '2026-02-17 00:04:22.513626+01', '2026-02-17 00:04:22.513626+01', NULL);
INSERT INTO public.user_books (user_id, book_isbn, is_available, created_at, updated_at, deleted_at) VALUES (55, '9788838238451', true, '2026-02-17 00:04:22.513626+01', '2026-02-17 00:04:22.513626+01', NULL);
INSERT INTO public.user_books (user_id, book_isbn, is_available, created_at, updated_at, deleted_at) VALUES (58, '9788838238451', true, '2026-02-17 00:04:22.513626+01', '2026-02-17 00:04:22.513626+01', NULL);
INSERT INTO public.user_books (user_id, book_isbn, is_available, created_at, updated_at, deleted_at) VALUES (63, '9788838238451', true, '2026-02-17 00:04:22.513626+01', '2026-02-17 00:04:22.513626+01', NULL);
INSERT INTO public.user_books (user_id, book_isbn, is_available, created_at, updated_at, deleted_at) VALUES (65, '9788838238451', true, '2026-02-17 00:04:22.513626+01', '2026-02-17 00:04:22.513626+01', NULL);
INSERT INTO public.user_books (user_id, book_isbn, is_available, created_at, updated_at, deleted_at) VALUES (70, '9788838238451', true, '2026-02-17 00:04:22.513626+01', '2026-02-17 00:04:22.513626+01', NULL);
INSERT INTO public.user_books (user_id, book_isbn, is_available, created_at, updated_at, deleted_at) VALUES (71, '9788838238451', true, '2026-02-17 00:04:22.513626+01', '2026-02-17 00:04:22.513626+01', NULL);
INSERT INTO public.user_books (user_id, book_isbn, is_available, created_at, updated_at, deleted_at) VALUES (79, '9788838238451', true, '2026-02-17 00:04:22.513626+01', '2026-02-17 00:04:22.513626+01', NULL);
INSERT INTO public.user_books (user_id, book_isbn, is_available, created_at, updated_at, deleted_at) VALUES (87, '9788838238451', true, '2026-02-17 00:04:22.513626+01', '2026-02-17 00:04:22.513626+01', NULL);
INSERT INTO public.user_books (user_id, book_isbn, is_available, created_at, updated_at, deleted_at) VALUES (88, '9788838238451', true, '2026-02-17 00:04:22.513626+01', '2026-02-17 00:04:22.513626+01', NULL);
INSERT INTO public.user_books (user_id, book_isbn, is_available, created_at, updated_at, deleted_at) VALUES (91, '9788838238451', true, '2026-02-17 00:04:22.513626+01', '2026-02-17 00:04:22.513626+01', NULL);
INSERT INTO public.user_books (user_id, book_isbn, is_available, created_at, updated_at, deleted_at) VALUES (92, '9788838238451', true, '2026-02-17 00:04:22.513626+01', '2026-02-17 00:04:22.513626+01', NULL);
INSERT INTO public.user_books (user_id, book_isbn, is_available, created_at, updated_at, deleted_at) VALUES (95, '9788838238451', true, '2026-02-17 00:04:22.513626+01', '2026-02-17 00:04:22.513626+01', NULL);
INSERT INTO public.user_books (user_id, book_isbn, is_available, created_at, updated_at, deleted_at) VALUES (97, '9788838238451', true, '2026-02-17 00:04:22.513626+01', '2026-02-17 00:04:22.513626+01', NULL);
INSERT INTO public.user_books (user_id, book_isbn, is_available, created_at, updated_at, deleted_at) VALUES (98, '9788838238451', true, '2026-02-17 00:04:22.513626+01', '2026-02-17 00:04:22.513626+01', NULL);
INSERT INTO public.user_books (user_id, book_isbn, is_available, created_at, updated_at, deleted_at) VALUES (104, '9788838238451', true, '2026-02-17 00:04:22.513626+01', '2026-02-17 00:04:22.513626+01', NULL);
INSERT INTO public.user_books (user_id, book_isbn, is_available, created_at, updated_at, deleted_at) VALUES (105, '9788838238451', true, '2026-02-17 00:04:22.513626+01', '2026-02-17 00:04:22.513626+01', NULL);
INSERT INTO public.user_books (user_id, book_isbn, is_available, created_at, updated_at, deleted_at) VALUES (106, '9788838238451', true, '2026-02-17 00:04:22.513626+01', '2026-02-17 00:04:22.513626+01', NULL);
INSERT INTO public.user_books (user_id, book_isbn, is_available, created_at, updated_at, deleted_at) VALUES (108, '9788838238451', true, '2026-02-17 00:04:22.513626+01', '2026-02-17 00:04:22.513626+01', NULL);
INSERT INTO public.user_books (user_id, book_isbn, is_available, created_at, updated_at, deleted_at) VALUES (110, '9788838238451', true, '2026-02-17 00:04:22.513626+01', '2026-02-17 00:04:22.513626+01', NULL);
INSERT INTO public.user_books (user_id, book_isbn, is_available, created_at, updated_at, deleted_at) VALUES (112, '9788838238451', true, '2026-02-17 00:04:22.513626+01', '2026-02-17 00:04:22.513626+01', NULL);
INSERT INTO public.user_books (user_id, book_isbn, is_available, created_at, updated_at, deleted_at) VALUES (60, '9788848006422', true, '2026-02-16 23:43:31.517311+01', '2026-02-17 00:30:54.673292+01', '2026-02-17 00:30:54.673292+01');
INSERT INTO public.user_books (user_id, book_isbn, is_available, created_at, updated_at, deleted_at) VALUES (89, '9788848006422', true, '2026-02-16 23:43:37.88225+01', '2026-02-17 00:30:54.673292+01', '2026-02-17 00:30:54.673292+01');
INSERT INTO public.user_books (user_id, book_isbn, is_available, created_at, updated_at, deleted_at) VALUES (107, '9788848006422', true, '2026-02-16 23:43:41.837343+01', '2026-02-17 00:30:54.673292+01', '2026-02-17 00:30:54.673292+01');
INSERT INTO public.user_books (user_id, book_isbn, is_available, created_at, updated_at, deleted_at) VALUES (28, '8483107406', false, '2026-02-16 23:48:22.311034+01', '2026-02-17 16:13:30.724882+01', NULL);
INSERT INTO public.user_books (user_id, book_isbn, is_available, created_at, updated_at, deleted_at) VALUES (49, '9788806147815', false, '2026-02-16 23:48:27.562109+01', '2026-02-17 16:13:30.724882+01', NULL);
INSERT INTO public.user_books (user_id, book_isbn, is_available, created_at, updated_at, deleted_at) VALUES (105, '9788830104716', false, '2026-02-16 23:48:41.338573+01', '2026-02-17 16:13:30.724882+01', NULL);
INSERT INTO public.user_books (user_id, book_isbn, is_available, created_at, updated_at, deleted_at) VALUES (27, '9788806552022', false, '2026-02-17 00:04:22.503538+01', '2026-02-17 16:13:30.724882+01', NULL);
INSERT INTO public.user_books (user_id, book_isbn, is_available, created_at, updated_at, deleted_at) VALUES (67, '9788838238451', false, '2026-02-17 00:04:22.513626+01', '2026-02-17 16:13:30.724882+01', NULL);
INSERT INTO public.user_books (user_id, book_isbn, is_available, created_at, updated_at, deleted_at) VALUES (95, '8817080667', false, '2026-02-16 23:48:38.881446+01', '2026-02-17 16:13:30.724882+01', NULL);
INSERT INTO public.user_books (user_id, book_isbn, is_available, created_at, updated_at, deleted_at) VALUES (53, '884301840X', false, '2026-02-16 23:43:29.969225+01', '2026-02-17 16:13:30.724882+01', NULL);
INSERT INTO public.user_books (user_id, book_isbn, is_available, created_at, updated_at, deleted_at) VALUES (62, '9788838238451', false, '2026-02-17 00:04:22.513626+01', '2026-02-17 16:13:30.724882+01', NULL);
INSERT INTO public.user_books (user_id, book_isbn, is_available, created_at, updated_at, deleted_at) VALUES (32, '9788838238451', false, '2026-02-17 00:04:22.513626+01', '2026-02-17 16:13:30.724882+01', NULL);
INSERT INTO public.user_books (user_id, book_isbn, is_available, created_at, updated_at, deleted_at) VALUES (78, '9788838238451', false, '2026-02-17 00:04:22.513626+01', '2026-02-17 16:13:30.724882+01', NULL);
INSERT INTO public.user_books (user_id, book_isbn, is_available, created_at, updated_at, deleted_at) VALUES (52, '9781291719864', false, '2026-02-16 23:48:28.299087+01', '2026-02-17 16:13:30.724882+01', NULL);
INSERT INTO public.user_books (user_id, book_isbn, is_available, created_at, updated_at, deleted_at) VALUES (63, '1101923083', false, '2026-02-16 23:43:32.176188+01', '2026-02-17 16:13:30.724882+01', NULL);
INSERT INTO public.user_books (user_id, book_isbn, is_available, created_at, updated_at, deleted_at) VALUES (27, '9789197342339', false, '2026-02-17 00:04:22.503538+01', '2026-02-17 16:13:30.724882+01', NULL);
INSERT INTO public.user_books (user_id, book_isbn, is_available, created_at, updated_at, deleted_at) VALUES (35, '9788871882925', false, '2026-02-16 23:43:26.010123+01', '2026-02-17 16:13:30.724882+01', NULL);
INSERT INTO public.user_books (user_id, book_isbn, is_available, created_at, updated_at, deleted_at) VALUES (111, '884591335X', false, '2026-02-16 23:48:42.820703+01', '2026-02-17 16:15:02.889869+01', NULL);
INSERT INTO public.user_books (user_id, book_isbn, is_available, created_at, updated_at, deleted_at) VALUES (17, '9788838238451', false, '2026-02-17 00:04:22.513626+01', '2026-02-17 16:15:02.889869+01', NULL);
INSERT INTO public.user_books (user_id, book_isbn, is_available, created_at, updated_at, deleted_at) VALUES (27, '9788885323094', false, '2026-02-17 00:04:22.503538+01', '2026-02-17 16:15:02.889869+01', NULL);
INSERT INTO public.user_books (user_id, book_isbn, is_available, created_at, updated_at, deleted_at) VALUES (96, '9788804659153', false, '2026-02-16 23:48:39.126273+01', '2026-02-17 16:15:02.889869+01', NULL);
INSERT INTO public.user_books (user_id, book_isbn, is_available, created_at, updated_at, deleted_at) VALUES (57, '9788845292606', false, '2026-02-16 23:48:29.531277+01', '2026-02-17 16:15:02.889869+01', NULL);
INSERT INTO public.user_books (user_id, book_isbn, is_available, created_at, updated_at, deleted_at) VALUES (6, '9788842511748', true, '2026-02-17 16:29:56.368383+01', '2026-02-17 16:29:56.368383+01', NULL);
SELECT pg_catalog.setval('public.authors_id_seq', 159, true);
SELECT pg_catalog.setval('public.genres_id_seq', 130, true);
SELECT pg_catalog.setval('public.loan_requests_id_seq', 72, true);
SELECT pg_catalog.setval('public.publishers_id_seq', 153, true);
SELECT pg_catalog.setval('public.users_id_seq', 213, true);

COMMIT;
